INSERT INTO referencedata.rights (id, description, name, type) VALUES ('e96017ff-af8c-4313-a070-caa70465c949', NULL, 'FACILITIES_MANAGE', 'GENERAL_ADMIN');
INSERT INTO referencedata.rights (id, description, name, type) VALUES ('4e731cf7-854f-4af7-9ea4-bd5d8ed7bb22', NULL, 'GEOGRAPHIC_ZONES_MANAGE', 'GENERAL_ADMIN');
INSERT INTO referencedata.rights (id, description, name, type) VALUES ('5c4b3b9b-713e-4b9a-8c58-7efcd2954512', NULL, 'SUPERVISORY_NODES_MANAGE', 'GENERAL_ADMIN');
INSERT INTO referencedata.rights (id, description, name, type) VALUES ('fb6a0053-6254-4b41-8028-bf91421f90dd', NULL, 'PRODUCTS_MANAGE', 'GENERAL_ADMIN');
INSERT INTO referencedata.rights (id, description, name, type) VALUES ('8816edba-b8a9-11e6-80f5-76304dec7eb7', NULL, 'REQUISITION_TEMPLATES_MANAGE', 'GENERAL_ADMIN');
INSERT INTO referencedata.rights (id, description, name, type) VALUES ('4bed4f40-36b5-42a7-94c9-0fd3d4252374', NULL, 'STOCK_CARD_TEMPLATES_MANAGE', 'GENERAL_ADMIN');
INSERT INTO referencedata.rights (id, description, name, type) VALUES ('ebad51c3-f7c3-4fab-97e1-839973b045d4', NULL, 'USER_ROLES_MANAGE', 'GENERAL_ADMIN');
INSERT INTO referencedata.rights (id, description, name, type) VALUES ('42791f7a-84a1-470b-bc3c-4160bc99f13c', NULL, 'PROCESSING_SCHEDULES_MANAGE', 'GENERAL_ADMIN');
INSERT INTO referencedata.rights (id, description, name, type) VALUES ('3687ea98-8a1e-4347-984c-3fd97d072066', NULL, 'USERS_MANAGE', 'GENERAL_ADMIN');
INSERT INTO referencedata.rights (id, description, name, type) VALUES ('c996d0c6-4f7d-46b5-a376-6f93a3071cb0', NULL, 'REQUISITION_GROUPS_MANAGE', 'GENERAL_ADMIN');
INSERT INTO referencedata.rights (id, description, name, type) VALUES ('9ade922b-3523-4582-bef4-a47701f7df14', NULL, 'REQUISITION_CREATE', 'SUPERVISION');
INSERT INTO referencedata.rights (id, description, name, type) VALUES ('bffa2de2-dc2a-47dd-b126-6501748ac3fc', NULL, 'REQUISITION_APPROVE', 'SUPERVISION');
INSERT INTO referencedata.rights (id, description, name, type) VALUES ('feb4c0b8-f6d2-4289-b29d-811c1d0b2863', NULL, 'REQUISITION_AUTHORIZE', 'SUPERVISION');
INSERT INTO referencedata.rights (id, description, name, type) VALUES ('c3eb5df0-c3ac-4e70-a978-02827462f60e', NULL, 'REQUISITION_DELETE', 'SUPERVISION');
INSERT INTO referencedata.rights (id, description, name, type) VALUES ('e101d2b8-6a0f-4af6-a5de-a9576b4ebc50', NULL, 'REQUISITION_VIEW', 'SUPERVISION');
INSERT INTO referencedata.rights (id, description, name, type) VALUES ('65626c3d-513f-4255-93fd-808709860594', NULL, 'ORDERS_TRANSFER', 'ORDER_FULFILLMENT');
INSERT INTO referencedata.rights (id, description, name, type) VALUES ('24df2715-850c-4336-b650-90eb78c544bf', NULL, 'PODS_MANAGE', 'ORDER_FULFILLMENT');
INSERT INTO referencedata.rights (id, description, name, type) VALUES ('35cf256f-1b28-41ad-84f5-99c158083dfc', NULL, 'REPORTS_VIEW', 'REPORTS');
INSERT INTO referencedata.rights (id, description, name, type) VALUES ('60561639-4f94-4371-a5b5-ba95ecf7627f', NULL, 'REPORT_TEMPLATES_EDIT', 'REPORTS');
INSERT INTO referencedata.rights (id, description, name, type) VALUES ('7b2da074-b754-4e49-bad3-2520651e5107', NULL, 'ORDERS_VIEW', 'ORDER_FULFILLMENT');
INSERT INTO referencedata.rights (id, description, name, type) VALUES ('60580166-ab1c-464a-8401-08384efc57b7', NULL, 'ORDERS_EDIT', 'ORDER_FULFILLMENT');
INSERT INTO referencedata.rights (id, description, name, type) VALUES ('94ae9da9-3d66-465e-9b1f-572c705e5d7f', NULL, 'STOCK_EVENT_CREATE', 'SUPERVISION');
INSERT INTO referencedata.roles (id, description, name) VALUES ('a439c5de-b8aa-11e6-80f5-76304dec7eb7', NULL, 'System Administrator');
INSERT INTO referencedata.users (id, active, allownotify, email, extradata, firstname, lastname, loginrestricted, timezone, username, verified, homefacilityid) VALUES ('35316636-6264-6331-2d34-3933322d3462', false, true, 'example@mail.com', NULL, 'Admin', 'User', false, 'UTC', 'admin', false, NULL);
INSERT INTO referencedata.role_assignments (type, id, roleid, userid, warehouseid, programid, supervisorynodeid) VALUES ('direct', '3104bc34-d83b-4139-9008-87f180ac6259', 'a439c5de-b8aa-11e6-80f5-76304dec7eb7', '35316636-6264-6331-2d34-3933322d3462', NULL, NULL, NULL);
INSERT INTO referencedata.role_rights (roleid, rightid) VALUES ('a439c5de-b8aa-11e6-80f5-76304dec7eb7', 'e96017ff-af8c-4313-a070-caa70465c949');
INSERT INTO referencedata.role_rights (roleid, rightid) VALUES ('a439c5de-b8aa-11e6-80f5-76304dec7eb7', '8816edba-b8a9-11e6-80f5-76304dec7eb7');
INSERT INTO referencedata.role_rights (roleid, rightid) VALUES ('a439c5de-b8aa-11e6-80f5-76304dec7eb7', '4bed4f40-36b5-42a7-94c9-0fd3d4252374');
INSERT INTO referencedata.role_rights (roleid, rightid) VALUES ('a439c5de-b8aa-11e6-80f5-76304dec7eb7', '4e731cf7-854f-4af7-9ea4-bd5d8ed7bb22');
INSERT INTO referencedata.role_rights (roleid, rightid) VALUES ('a439c5de-b8aa-11e6-80f5-76304dec7eb7', 'ebad51c3-f7c3-4fab-97e1-839973b045d4');
INSERT INTO referencedata.role_rights (roleid, rightid) VALUES ('a439c5de-b8aa-11e6-80f5-76304dec7eb7', '5c4b3b9b-713e-4b9a-8c58-7efcd2954512');
INSERT INTO referencedata.role_rights (roleid, rightid) VALUES ('a439c5de-b8aa-11e6-80f5-76304dec7eb7', 'fb6a0053-6254-4b41-8028-bf91421f90dd');
INSERT INTO referencedata.role_rights (roleid, rightid) VALUES ('a439c5de-b8aa-11e6-80f5-76304dec7eb7', '42791f7a-84a1-470b-bc3c-4160bc99f13c');
INSERT INTO referencedata.role_rights (roleid, rightid) VALUES ('a439c5de-b8aa-11e6-80f5-76304dec7eb7', '3687ea98-8a1e-4347-984c-3fd97d072066');
INSERT INTO referencedata.role_rights (roleid, rightid) VALUES ('a439c5de-b8aa-11e6-80f5-76304dec7eb7', 'c996d0c6-4f7d-46b5-a376-6f93a3071cb0');
INSERT INTO referencedata.rights (id, description, name, type) VALUES ('68bba98b-7d7c-41b0-bca5-7d30e87c5cff', NULL, 'SYSTEM_SETTINGS_MANAGE', 'GENERAL_ADMIN');
INSERT INTO referencedata.role_rights (roleid, rightid) VALUES ('a439c5de-b8aa-11e6-80f5-76304dec7eb7', '68bba98b-7d7c-41b0-bca5-7d30e87c5cff');
INSERT INTO referencedata.geographic_levels (SELECT * FROM json_populate_recordset(NULL::referencedata.geographic_levels, '[{"id":"6b78e6c6-292e-4733-bb9c-3d802ad61206","code":"Country","levelnumber":1},{"id":"9b497d87-cdd9-400e-bb04-fae0bf6a9491","code":"Region","levelnumber":2},{"id":"93c05138-4550-4461-9e8a-79d5f050c223","code":"District","levelnumber":3},{"id":"90e35999-a64f-4312-ba8f-bc13a1311c75","code":"City","levelnumber":4}]'));
INSERT INTO referencedata.geographic_zones (SELECT * FROM json_populate_recordset(NULL::referencedata.geographic_zones, '[{"id":"4e471242-da63-436c-8157-ade3e615c848","code":"Mal","name":"Malawi","levelid":"6b78e6c6-292e-4733-bb9c-3d802ad61206"},{"id":"0bbd69c1-e20f-48f5-aae4-26dcd8aa7602","code":"Mal-So","name":"Southern Region","levelid":"9b497d87-cdd9-400e-bb04-fae0bf6a9491"},{"id":"50293982-602a-4046-ac29-d7f83a8a13e9","code":"M-So-Bal","name":"Balaka District","levelid":"93c05138-4550-4461-9e8a-79d5f050c223"},{"id":"bf2b810b-cdbf-48b2-b569-149b3cf42387","code":"M-So-Bal-Bal","name":"Balaka","levelid":"90e35999-a64f-4312-ba8f-bc13a1311c75","latitude":-14.99,"longitude":34.92}]'));
INSERT INTO referencedata.facility_operators (SELECT * FROM json_populate_recordset(NULL::referencedata.facility_operators, '[{"id":"9456c3e9-c4a6-4a28-9e08-47ceb16a4121","code":"moh","name":"Ministry of Health","displayorder":1},{"id":"1074353d-7364-4618-a127-708d7303a231","code":"dwb","name":"Doctors Without Borders","displayorder":2}]'));
INSERT INTO referencedata.facility_types (SELECT * FROM json_populate_recordset(NULL::referencedata.facility_types, '[{"id":"ac1d268b-ce10-455f-bf87-9c667da8f060","code":"health_center","name":"Health Center","active":"true","displayorder":1},{"id":"663b1d34-cc17-4d60-9619-e553e45aa441","code":"dist_hosp","name":"District Hospital","active":"true","displayorder":2},{"id":"e2faaa9e-4b2d-4212-bb60-fd62970b2113","code":"warehouse","name":"Warehouse","active":"true","displayorder":3}]'));
INSERT INTO referencedata.facilities (SELECT * FROM json_populate_recordset(NULL::referencedata.facilities, '[{"id":"e6799d64-d10d-4011-b8c2-0e4d4a3f65ce","code":"HC01","name":"Comfort Health Clinic","typeid":"ac1d268b-ce10-455f-bf87-9c667da8f060","operatedbyid":"9456c3e9-c4a6-4a28-9e08-47ceb16a4121","active":"true","enabled":"true","geographiczoneid":"bf2b810b-cdbf-48b2-b569-149b3cf42387","openlmisaccessible":"true"},{"id":"13037147-1769-4735-90a7-b9b310d128b8","code":"DH01","name":"Balaka District Hospital","geographiczoneid":"50293982-602a-4046-ac29-d7f83a8a13e9","typeid":"663b1d34-cc17-4d60-9619-e553e45aa441","operatedbyid":"9456c3e9-c4a6-4a28-9e08-47ceb16a4121","active":"true","enabled":"true","openlmisaccessible":"true"},{"id":"19121381-9f3d-4e77-b9e5-d3f59fc1639e","code":"WH01","name":"CMST Warehouse","geographiczoneid":"0bbd69c1-e20f-48f5-aae4-26dcd8aa7602","typeid":"e2faaa9e-4b2d-4212-bb60-fd62970b2113","operatedbyid":"9456c3e9-c4a6-4a28-9e08-47ceb16a4121","active":"true","enabled":"true","openlmisaccessible":"true"},{"id":"7938919f-6f61-4d1a-a4dc-923c31e9cd45","code":"HF01","name":"Kankao Health Facility","geographiczoneid":"4e471242-da63-436c-8157-ade3e615c848","typeid":"ac1d268b-ce10-455f-bf87-9c667da8f060","operatedbyid":"9456c3e9-c4a6-4a28-9e08-47ceb16a4121","active":"true","enabled":"true","openlmisaccessible":"true"},{"id":"176c4276-1fb1-4507-8ad2-cdfba0f47445","code":"HC02","name":"Nandumbo Health Center","geographiczoneid":"4e471242-da63-436c-8157-ade3e615c848","typeid":"ac1d268b-ce10-455f-bf87-9c667da8f060","operatedbyid":"9456c3e9-c4a6-4a28-9e08-47ceb16a4121","active":"true","enabled":"true","openlmisaccessible":"true"},{"id":"5b39f0fb-5c47-4551-b983-1e30ac6df65d","code":"HC03","name":"Kalembo Health Center","geographiczoneid":"4e471242-da63-436c-8157-ade3e615c848","typeid":"ac1d268b-ce10-455f-bf87-9c667da8f060","operatedbyid":"9456c3e9-c4a6-4a28-9e08-47ceb16a4121","active":"true","enabled":"true","openlmisaccessible":"true"},{"id":"9318b2ea-9ae0-42b2-a7e1-353683f54000","code":"WH02","name":"South Warehouse","geographiczoneid":"4e471242-da63-436c-8157-ade3e615c848","typeid":"e2faaa9e-4b2d-4212-bb60-fd62970b2113","operatedbyid":"9456c3e9-c4a6-4a28-9e08-47ceb16a4121","active":"true","enabled":"true","openlmisaccessible":"true"}]'));
INSERT INTO referencedata.supervisory_nodes (SELECT * FROM json_populate_recordset(NULL::referencedata.supervisory_nodes, '[{"id":"fb38bd1c-beeb-4527-8345-900900329c10","code":"SN1","name":"FP approval point","facilityid":"e6799d64-d10d-4011-b8c2-0e4d4a3f65ce"},{"id":"9f470265-0770-4dd1-bd5a-cf8fe3734d79","code":"SN1.1","name":"FP approval sub point","parentid":"fb38bd1c-beeb-4527-8345-900900329c10","facilityid":"13037147-1769-4735-90a7-b9b310d128b8"},{"id":"6d5831e7-c336-4129-bd10-0149910a72aa","code":"SN2","name":"EM approval point","facilityid":"13037147-1769-4735-90a7-b9b310d128b8"}]'));
INSERT INTO referencedata.processing_schedules (SELECT * FROM json_populate_recordset(NULL::referencedata.processing_schedules, '[{"id":"9c15bd6e-3f6b-4b91-b53a-36c199d35eac","code":"SCH001","name":"Monthly","modifieddate":"2015-12-31 23:59:59"},{"id":"057921bd-1841-4748-8523-dbe5ebb58368","code":"SCH002","name":"Quarterly"},{"id":"d036a3bc-865a-402b-972e-96e0695bf8ce","code":"SCH003","name":"Schedule 003","modifieddate":"2016-02-20 13:20:11"},{"id":"9fca3d5d-b2c8-46c8-adb0-96e38d2c1f6f","code":"SCH004","name":"Schedule 004","modifieddate":"2016-04-05 16:57:06"},{"id":"083775ab-b9af-41a3-b845-0fbf4fe1583d","code":"SCH005","name":"Schedule 005","modifieddate":"2016-04-05 16:57:06"}]'));
INSERT INTO referencedata.processing_periods (SELECT * FROM json_populate_recordset(NULL::referencedata.processing_periods, '[{"id":"516ac930-0d28-49f5-a178-64764e22b236","name":"Jan2016","startdate":"2016-01-01","enddate":"2016-01-31","processingscheduleid":"9c15bd6e-3f6b-4b91-b53a-36c199d35eac"},{"id":"04ec3c83-a086-4792-b7a3-c46559b7f6cd","name":"Feb2016","startdate":"2016-02-01","enddate":"2016-02-28","processingscheduleid":"9c15bd6e-3f6b-4b91-b53a-36c199d35eac"},{"id":"61694e82-1be6-40a4-9aaa-bfbb720a0d7d","name":"Mar2016","startdate":"2016-03-01","enddate":"2016-03-31","processingscheduleid":"9c15bd6e-3f6b-4b91-b53a-36c199d35eac"},{"id":"c9287c65-67fa-4958-adb6-52069f2b1379","name":"Apr2016","startdate":"2016-04-01","enddate":"2016-04-30","processingscheduleid":"9c15bd6e-3f6b-4b91-b53a-36c199d35eac"},{"id":"2d490229-02f8-4235-9be4-1443fd8f7b4f","name":"May2016","startdate":"2016-05-01","enddate":"2016-05-31","processingscheduleid":"9c15bd6e-3f6b-4b91-b53a-36c199d35eac"},{"id":"a91dfbdf-0d9b-4cb1-9d46-0a47b17d22d0","name":"Jun2016","startdate":"2016-06-01","enddate":"2016-06-30","processingscheduleid":"9c15bd6e-3f6b-4b91-b53a-36c199d35eac"},{"id":"f55d9dda-d440-40c0-a793-914e0fe1f579","name":"Jul2016","startdate":"2016-07-01","enddate":"2016-07-31","processingscheduleid":"9c15bd6e-3f6b-4b91-b53a-36c199d35eac"},{"id":"ecd6c3c8-f80c-4c4e-af9a-d0529b55424a","name":"Aug2016","startdate":"2016-08-01","enddate":"2016-08-31","processingscheduleid":"9c15bd6e-3f6b-4b91-b53a-36c199d35eac"},{"id":"c08e1295-793f-4550-933b-571e117f15d9","name":"Sep2016","startdate":"2016-09-01","enddate":"2016-09-30","processingscheduleid":"9c15bd6e-3f6b-4b91-b53a-36c199d35eac"},{"id":"2a9fddb6-5dd3-4dde-81f3-c19629257986","name":"Oct2016","startdate":"2016-10-01","enddate":"2016-10-31","processingscheduleid":"9c15bd6e-3f6b-4b91-b53a-36c199d35eac"},{"id":"1f3c89b2-13e4-4a72-9ef2-228302cc5a25","name":"Nov2016","startdate":"2016-11-01","enddate":"2016-11-30","processingscheduleid":"9c15bd6e-3f6b-4b91-b53a-36c199d35eac"},{"id":"96da0fc3-28fd-4a3f-87a8-b5cdb175c45a","name":"Dec2016","startdate":"2016-12-01","enddate":"2016-12-31","processingscheduleid":"9c15bd6e-3f6b-4b91-b53a-36c199d35eac"},{"id":"f419bcd8-ac7a-4b75-8c84-c065ef437938","name":"Q1","startdate":"2016-01-01","enddate":"2016-03-31","processingscheduleid":"057921bd-1841-4748-8523-dbe5ebb58368"},{"id":"c5012ddf-b145-4eee-9640-b2cbf4f2da85","name":"Q2","startdate":"2016-04-01","enddate":"2016-06-30","processingscheduleid":"057921bd-1841-4748-8523-dbe5ebb58368"},{"id":"65671374-66e2-4a11-a7dc-05b645c6d815","name":"Q3","startdate":"2016-07-01","enddate":"2016-09-30","processingscheduleid":"057921bd-1841-4748-8523-dbe5ebb58368"},{"id":"7880be4f-6582-472a-9ea5-a6baed71e6e5","name":"Q4","startdate":"2016-10-01","enddate":"2016-12-31","processingscheduleid":"057921bd-1841-4748-8523-dbe5ebb58368"},{"id":"baf98c9a-408b-4e9e-b56a-38640c7dfed6","name":"Period 008","startdate":"2016-08-09","enddate":"2016-09-09","processingscheduleid":"d036a3bc-865a-402b-972e-96e0695bf8ce"},{"id":"a4eefb4e-2bb6-4793-9f70-2cc5365de7c6","name":"Period 009","startdate":"2016-06-10","enddate":"2016-09-09","processingscheduleid":"9fca3d5d-b2c8-46c8-adb0-96e38d2c1f6f"},{"id":"f2cecbc4-c6cc-48ca-b4e7-11e69238b386","name":"Period 010","startdate":"2016-09-10","enddate":"2016-10-10","processingscheduleid":"9fca3d5d-b2c8-46c8-adb0-96e38d2c1f6f"}]'));
INSERT INTO referencedata.orderable_display_categories (SELECT * FROM json_populate_recordset(NULL::referencedata.orderable_display_categories, '[{"id":"6805dd74-ec00-4697-9a5d-5b78414fcaf6","code":"C1","displayname":"Antibiotics","displayorder":1},{"id":"814c51b6-91e3-45c3-af39-25e94b608d96","code":"C2","displayname":"Anaesthetics","displayorder":2},{"id":"baeb2434-574d-4804-9640-992abbe826ef","code":"C3","displayname":"Anti-fungal","displayorder":3},{"id":"6c7768ef-6ccc-4150-a589-043a17f6cf95","code":"C4","displayname":"Analgesics","displayorder":4},{"id":"16173fd0-f439-4222-931e-91c413a495c3","code":"C5","displayname":"Vaccines","displayorder":5},{"id":"15b8ef1f-a5d6-42dd-95bf-bb68a4504e82","code":"oc","displayname":"Oral contraceptive","displayorder":6},{"id":"3bfe0282-732b-4ce8-b4f9-aa7ffb297758","code":"bm","displayname":"Barrier method","displayorder":7},{"id":"06606981-67cc-42d1-87ed-21f22fb0ea58","code":"imp","displayname":"Implantable contraceptive","displayorder":8},{"id":"74f39ab7-b5ce-4087-a6ea-65799a35e79b","code":"inj","displayname":"Injectable hormonal contraceptive","displayorder":9}]'));
INSERT INTO referencedata.orderables (SELECT * FROM json_populate_recordset(NULL::referencedata.orderables, '[{"id":"2400e410-b8dd-4954-b1c0-80d8a8e785fc","code":"C1","fullproductname":"Acetylsalicylic Acid","type":"TRADE_ITEM","dispensingunit":"10 tab strip","netcontent":16,"packroundingthreshold":8,"roundtozero":false,"programorderables":[{"id":"9e25fd93-d8a0-4d1d-8188-55dd3c408d24"}]},{"id":"103396e1-f5e4-4754-bb7b-1c799097dfea","code":"C2","fullproductname":"Glibenclamide","type":"TRADE_ITEM","dispensingunit":"each","netcontent":40,"packroundingthreshold":20,"roundtozero":false,"programorderables":[{"id":"d4e4c6ca-efc9-4ab4-8966-d78ba594ac0c"}]},{"id":"bac90734-6e58-426e-849b-331286ec77d2","code":"C3","fullproductname":"Streptococcus Pneumoniae Vaccine","type":"TRADE_ITEM","dispensingunit":"10 tab strip","netcontent":5,"packroundingthreshold":2,"roundtozero":false,"programorderables":[{"id":"267321d1-447c-4fac-9430-907ae38d1854"}]},{"id":"c9e65f02-f84f-4ba2-85f7-e2cb6f0989af","code":"C4","fullproductname":"Streptococcus Pneumoniae Vaccine II","type":"COMMODITY_TYPE","dispensingunit":"each","netcontent":5,"packroundingthreshold":2,"roundtozero":false,"programorderables":[{"id":"1af3b535-fe6a-41ce-b4c6-7d0aa4381cdb"}]},{"id":"d602d0c6-4052-456c-8ccd-61b4ad77bece","code":"C100","fullproductname":"Levora","type":"COMMODITY_TYPE","dispensingunit":"10 tab strip","netcontent":84,"packroundingthreshold":42,"roundtozero":false,"programorderables":[{"id":"10d447ea-0a86-4267-8048-0b331d509601"}]},{"id":"23819693-0670-4c4b-b400-28e009b86b51","code":"C200","fullproductname":"Ortho-Novum","type":"COMMODITY_TYPE","dispensingunit":"each","netcontent":63,"packroundingthreshold":31,"roundtozero":false,"programorderables":[{"id":"2e9cf7eb-ae09-431b-a3da-aa51a7f4aca0"}]},{"id":"7f7b83db-580d-4269-88d2-7f9c80a591a9","code":"C300","fullproductname":"Depo-Estradiol","type":"COMMODITY_TYPE","dispensingunit":"each","netcontent":5,"packroundingthreshold":2,"roundtozero":false,"programorderables":[{"id":"366fdbed-c1ba-4bd0-b387-b1c75df9da48"}]},{"id":"bfde33c3-83f1-4feb-a27c-842852f66b71","code":"C400","fullproductname":"Male Condom","type":"COMMODITY_TYPE","dispensingunit":"each","netcontent":1,"packroundingthreshold":0,"roundtozero":false,"programorderables":[{"id":"e119197f-2326-47b1-9a7f-00f020d9e2b9"}]},{"id":"880cf2eb-7b68-4450-a037-a0dec1a17987","code":"C500","fullproductname":"Implanon","type":"COMMODITY_TYPE","dispensingunit":"10 tab strip","netcontent":1,"packroundingthreshold":0,"roundtozero":false,"programorderables":[{"id":"ceaa00b6-e2bb-4908-ab82-4e2265c39404"}]},{"id":"7b9b66e0-f008-4c38-93ec-7a5f4868cca9","code":"C600","fullproductname":"Levonorgestrel","type":"COMMODITY_TYPE","dispensingunit":"10 tab strip","netcontent":1,"packroundingthreshold":0,"roundtozero":false,"programorderables":[{"id":"79159377-dc1c-4eaa-b4e9-8dad221a1a97"}]},{"id":"ef8cdc67-688a-4b9b-a253-a20889d74447","code":"C101","fullproductname":"Abortiva","type":"COMMODITY_TYPE","dispensingunit":"10 tab strip","netcontent":1,"packroundingthreshold":0,"roundtozero":false,"programorderables":[{"id":"d6a1cd34-26d7-4239-ad87-d8e6870e76f5"}]},{"id":"142bc03c-f4fc-40a8-a1ef-efebc900b171","code":"C102","fullproductname":"Adiuvantia","type":"COMMODITY_TYPE","dispensingunit":"10 tab strip","netcontent":1,"packroundingthreshold":0,"roundtozero":false,"programorderables":[{"id":"3bbad45f-3faa-4de1-b714-103625edd6bf"}]},{"id":"62e16def-53ef-46b5-8bf1-8dab9b0bcec1","code":"C103","fullproductname":"Adsorbentia","type":"COMMODITY_TYPE","dispensingunit":"10 tab strip","netcontent":1,"packroundingthreshold":0,"roundtozero":false,"programorderables":[{"id":"8b1adea1-9c11-4fff-b21f-e62bfb3c6500"}]},{"id":"430e898a-59a8-465a-8431-98cd55bbe418","code":"C104","fullproductname":"Adstrigentia","type":"COMMODITY_TYPE","dispensingunit":"10 tab strip","netcontent":1,"packroundingthreshold":0,"roundtozero":false,"programorderables":[{"id":"fed83adf-5777-4273-a4d7-a7bb79af93c7"}]},{"id":"b42db3d0-b2a1-46db-abd0-99421878a4da","code":"C105","fullproductname":"Antiemetica","type":"COMMODITY_TYPE","dispensingunit":"10 tab strip","netcontent":1,"packroundingthreshold":0,"roundtozero":false,"programorderables":[{"id":"bdc9eeaa-549f-4899-8b9c-c7fe89c0b0f9"}]},{"id":"f573f7d1-b90b-4c3c-8d8b-b8865315d32d","code":"C106","fullproductname":"Antimycotica","type":"COMMODITY_TYPE","dispensingunit":"10 tab strip","netcontent":1,"packroundingthreshold":0,"roundtozero":false,"programorderables":[{"id":"568ae7b9-6232-45db-b2b7-c711c60dca7e"}]},{"id":"4b0d49aa-aa15-4ccf-b91b-197f7cb35c16","code":"C107","fullproductname":"Antiparasitica","type":"COMMODITY_TYPE","dispensingunit":"10 tab strip","netcontent":1,"packroundingthreshold":0,"roundtozero":false,"programorderables":[{"id":"7cb3ebcb-fcf7-4376-b8b8-48147b421e5d"}]},{"id":"25665e10-cca7-44c0-b508-e95600d8fb99","code":"C108","fullproductname":"Antipruritica","type":"COMMODITY_TYPE","dispensingunit":"10 tab strip","netcontent":1,"packroundingthreshold":0,"roundtozero":false,"programorderables":[{"id":"02005e40-24a8-486b-83cb-e865c19dbb89"}]},{"id":"d4dbd20e-8ce2-480e-a019-4a90d115719c","code":"C109","fullproductname":"Antitussica","type":"COMMODITY_TYPE","dispensingunit":"10 tab strip","netcontent":1,"packroundingthreshold":0,"roundtozero":false,"programorderables":[{"id":"051c3da5-4490-4ff8-b426-bd7c79252685"}]},{"id":"8c74cdb8-2138-487d-a7ec-c7b55607c83a","code":"C110","fullproductname":"Aphrodisiaca","type":"COMMODITY_TYPE","dispensingunit":"10 tab strip","netcontent":1,"packroundingthreshold":0,"roundtozero":false,"programorderables":[{"id":"f3e29f41-dd7a-4a4c-9f20-b1c9923bb0be"}]},{"id":"8dc476f4-222e-46fa-9b4f-f1f67c0f5681","code":"C111","fullproductname":"Cardiaca","type":"COMMODITY_TYPE","dispensingunit":"10 tab strip","netcontent":1,"packroundingthreshold":0,"roundtozero":false,"programorderables":[{"id":"76fc2ccb-8aff-4358-8be7-25e70571f493"}]},{"id":"32a04b36-4b4b-4591-b7fe-927d3569bd06","code":"C112","fullproductname":"Cholagoga","type":"COMMODITY_TYPE","dispensingunit":"10 tab strip","netcontent":1,"packroundingthreshold":0,"roundtozero":false,"programorderables":[{"id":"178c789e-fde2-4c47-a389-fdf449438020"}]},{"id":"b5cb6082-1def-492d-a0a0-abd2ab3bfafa","code":"C113","fullproductname":"Diuretica","type":"COMMODITY_TYPE","dispensingunit":"10 tab strip","netcontent":1,"packroundingthreshold":0,"roundtozero":false,"programorderables":[{"id":"0cee0d57-02cb-4ad6-b381-1fea5d17e5d8"}]},{"id":"66b29383-b508-48a5-bd26-f7fdf0f8dc9a","code":"C114","fullproductname":"Emetica","type":"COMMODITY_TYPE","dispensingunit":"10 tab strip","netcontent":1,"packroundingthreshold":0,"roundtozero":false,"programorderables":[{"id":"fbffcdff-10ff-4316-b8fd-f9b29cd3436b"}]},{"id":"f7dcea66-dc3d-42cd-8cc2-64b2bf929470","code":"C115","fullproductname":"Hypnotica","type":"COMMODITY_TYPE","dispensingunit":"10 tab strip","netcontent":1,"packroundingthreshold":0,"roundtozero":false,"programorderables":[{"id":"e817f021-51f5-4044-b74d-58b4d6d6e547"}]},{"id":"1a0588a7-5a8d-4184-8955-07ce8f4d578d","code":"C116","fullproductname":"Praemedicantia","type":"COMMODITY_TYPE","dispensingunit":"10 tab strip","netcontent":1,"packroundingthreshold":0,"roundtozero":false,"programorderables":[{"id":"300bdc4e-3ea0-4b3d-96fa-b79faaa14adc"}]},{"id":"70285d72-0790-4846-aa74-23c013c5c408","code":"C117","fullproductname":"Sedativa","type":"COMMODITY_TYPE","dispensingunit":"10 tab strip","netcontent":1,"packroundingthreshold":0,"roundtozero":false,"programorderables":[{"id":"174ad3ce-9cff-432f-a902-9b9dcd76b25b"}]},{"id":"0dc9c1ad-2266-4fb3-ad74-993c38b8c28a","code":"C118","fullproductname":"Stomachica","type":"COMMODITY_TYPE","dispensingunit":"10 tab strip","netcontent":1,"packroundingthreshold":0,"roundtozero":false,"programorderables":[{"id":"ea082992-91d1-42ae-b860-4e16a1192209"}]},{"id":"4cb2f620-27e2-4506-b44b-328a10bf54ca","code":"C119","fullproductname":"Tonica","type":"COMMODITY_TYPE","dispensingunit":"10 tab strip","netcontent":1,"packroundingthreshold":0,"roundtozero":false,"programorderables":[{"id":"2a840788-c3d5-400e-8c90-b35b69455089"}]},{"id":"66c57fb6-5bb4-466e-8159-c0a41eb08137","code":"C120","fullproductname":"Thymoleptica","type":"COMMODITY_TYPE","dispensingunit":"10 tab strip","netcontent":1,"packroundingthreshold":0,"roundtozero":false,"programorderables":[{"id":"df7214f6-32c5-4e18-8118-3e935b242997"}]}]'));
INSERT INTO referencedata.programs (SELECT * FROM json_populate_recordset(NULL::referencedata.programs, '[{"id":"dce17f2e-af3e-40ad-8e00-3496adef44c3","code":"PRG001","name":"Family Planning","active":"true","periodsskippable":"true","shownonfullsupplytab":"true"},{"id":"10845cb9-d365-4aaa-badd-b4fa39c6a26a","code":"PRG002","name":"Essential Meds","active":"true","periodsskippable":"false"},{"id":"66032ea8-b69b-4102-a1eb-844e57143187","code":"PRG003","name":"New Program","active":"true","periodsskippable":"false"}]'));
INSERT INTO referencedata.program_orderables (SELECT * FROM json_populate_recordset(NULL::referencedata.program_orderables, '[{"id":"9e25fd93-d8a0-4d1d-8188-55dd3c408d24","active":"true","programid":"10845cb9-d365-4aaa-badd-b4fa39c6a26a","orderableid":"2400e410-b8dd-4954-b1c0-80d8a8e785fc","orderabledisplaycategoryid":"6805dd74-ec00-4697-9a5d-5b78414fcaf6","dosesperpatient":10,"fullsupply":"true","displayorder":1,"priceperpack":3.155},{"id":"d4e4c6ca-efc9-4ab4-8966-d78ba594ac0c","active":"false","programid":"10845cb9-d365-4aaa-badd-b4fa39c6a26a","orderableid":"103396e1-f5e4-4754-bb7b-1c799097dfea","orderabledisplaycategoryid":"6805dd74-ec00-4697-9a5d-5b78414fcaf6","dosesperpatient":3,"fullsupply":"true","displayorder":2,"priceperpack":2.134},{"id":"267321d1-447c-4fac-9430-907ae38d1854","active":"true","programid":"10845cb9-d365-4aaa-badd-b4fa39c6a26a","orderableid":"bac90734-6e58-426e-849b-331286ec77d2","orderabledisplaycategoryid":"16173fd0-f439-4222-931e-91c413a495c3","dosesperpatient":1,"fullsupply":"false","displayorder":3,"priceperpack":5.153},{"id":"1af3b535-fe6a-41ce-b4c6-7d0aa4381cdb","active":"true","programid":"10845cb9-d365-4aaa-badd-b4fa39c6a26a","orderableid":"c9e65f02-f84f-4ba2-85f7-e2cb6f0989af","orderabledisplaycategoryid":"16173fd0-f439-4222-931e-91c413a495c3","dosesperpatient":1,"fullsupply":"true","displayorder":4,"priceperpack":4.1344},{"id":"10d447ea-0a86-4267-8048-0b331d509601","active":"true","programid":"dce17f2e-af3e-40ad-8e00-3496adef44c3","orderableid":"d602d0c6-4052-456c-8ccd-61b4ad77bece","orderabledisplaycategoryid":"15b8ef1f-a5d6-42dd-95bf-bb68a4504e82","dosesperpatient":1,"fullsupply":"true","displayorder":1,"priceperpack":5.225},{"id":"2e9cf7eb-ae09-431b-a3da-aa51a7f4aca0","active":"true","programid":"dce17f2e-af3e-40ad-8e00-3496adef44c3","orderableid":"23819693-0670-4c4b-b400-28e009b86b51","orderabledisplaycategoryid":"15b8ef1f-a5d6-42dd-95bf-bb68a4504e82","dosesperpatient":1,"fullsupply":"true","displayorder":2,"priceperpack":15.9394},{"id":"366fdbed-c1ba-4bd0-b387-b1c75df9da48","active":"true","programid":"dce17f2e-af3e-40ad-8e00-3496adef44c3","orderableid":"7f7b83db-580d-4269-88d2-7f9c80a591a9","orderabledisplaycategoryid":"74f39ab7-b5ce-4087-a6ea-65799a35e79b","dosesperpatient":1,"fullsupply":"false","displayorder":6,"priceperpack":20.774},{"id":"e119197f-2326-47b1-9a7f-00f020d9e2b9","active":"true","programid":"dce17f2e-af3e-40ad-8e00-3496adef44c3","orderableid":"bfde33c3-83f1-4feb-a27c-842852f66b71","orderabledisplaycategoryid":"3bfe0282-732b-4ce8-b4f9-aa7ffb297758","dosesperpatient":1,"fullsupply":"true","displayorder":3,"priceperpack":25.464},{"id":"ceaa00b6-e2bb-4908-ab82-4e2265c39404","active":"true","programid":"dce17f2e-af3e-40ad-8e00-3496adef44c3","orderableid":"880cf2eb-7b68-4450-a037-a0dec1a17987","orderabledisplaycategoryid":"06606981-67cc-42d1-87ed-21f22fb0ea58","dosesperpatient":1,"fullsupply":"false","displayorder":4,"priceperpack":30.9831},{"id":"79159377-dc1c-4eaa-b4e9-8dad221a1a97","active":"true","programid":"dce17f2e-af3e-40ad-8e00-3496adef44c3","orderableid":"7b9b66e0-f008-4c38-93ec-7a5f4868cca9","orderabledisplaycategoryid":"06606981-67cc-42d1-87ed-21f22fb0ea58","dosesperpatient":1,"fullsupply":"true","displayorder":5,"priceperpack":5.1},{"id":"99b2a62a-f96d-45ad-ba91-7dcc6cda7ce3","active":"true","programid":"66032ea8-b69b-4102-a1eb-844e57143187","orderableid":"7f7b83db-580d-4269-88d2-7f9c80a591a9","orderabledisplaycategoryid":"74f39ab7-b5ce-4087-a6ea-65799a35e79b","dosesperpatient":1,"fullsupply":"true","displayorder":6,"priceperpack":4.34},{"id":"d6a1cd34-26d7-4239-ad87-d8e6870e76f5","active":"true","programid":"dce17f2e-af3e-40ad-8e00-3496adef44c3","orderableid":"ef8cdc67-688a-4b9b-a253-a20889d74447","orderabledisplaycategoryid":"06606981-67cc-42d1-87ed-21f22fb0ea58","dosesperpatient":1,"fullsupply":"true","displayorder":6,"priceperpack":5.1},{"id":"3bbad45f-3faa-4de1-b714-103625edd6bf","active":"true","programid":"dce17f2e-af3e-40ad-8e00-3496adef44c3","orderableid":"142bc03c-f4fc-40a8-a1ef-efebc900b171","orderabledisplaycategoryid":"06606981-67cc-42d1-87ed-21f22fb0ea58","dosesperpatient":1,"fullsupply":"true","displayorder":7,"priceperpack":5.1},{"id":"8b1adea1-9c11-4fff-b21f-e62bfb3c6500","active":"true","programid":"dce17f2e-af3e-40ad-8e00-3496adef44c3","orderableid":"62e16def-53ef-46b5-8bf1-8dab9b0bcec1","orderabledisplaycategoryid":"06606981-67cc-42d1-87ed-21f22fb0ea58","dosesperpatient":1,"fullsupply":"true","displayorder":8,"priceperpack":5.1},{"id":"fed83adf-5777-4273-a4d7-a7bb79af93c7","active":"true","programid":"dce17f2e-af3e-40ad-8e00-3496adef44c3","orderableid":"430e898a-59a8-465a-8431-98cd55bbe418","orderabledisplaycategoryid":"06606981-67cc-42d1-87ed-21f22fb0ea58","dosesperpatient":1,"fullsupply":"true","displayorder":9,"priceperpack":5.1},{"id":"bdc9eeaa-549f-4899-8b9c-c7fe89c0b0f9","active":"true","programid":"dce17f2e-af3e-40ad-8e00-3496adef44c3","orderableid":"b42db3d0-b2a1-46db-abd0-99421878a4da","orderabledisplaycategoryid":"06606981-67cc-42d1-87ed-21f22fb0ea58","dosesperpatient":1,"fullsupply":"true","displayorder":10,"priceperpack":5.1},{"id":"568ae7b9-6232-45db-b2b7-c711c60dca7e","active":"true","programid":"dce17f2e-af3e-40ad-8e00-3496adef44c3","orderableid":"f573f7d1-b90b-4c3c-8d8b-b8865315d32d","orderabledisplaycategoryid":"06606981-67cc-42d1-87ed-21f22fb0ea58","dosesperpatient":1,"fullsupply":"true","displayorder":11,"priceperpack":5.1},{"id":"7cb3ebcb-fcf7-4376-b8b8-48147b421e5d","active":"true","programid":"dce17f2e-af3e-40ad-8e00-3496adef44c3","orderableid":"4b0d49aa-aa15-4ccf-b91b-197f7cb35c16","orderabledisplaycategoryid":"06606981-67cc-42d1-87ed-21f22fb0ea58","dosesperpatient":1,"fullsupply":"true","displayorder":12,"priceperpack":5.1},{"id":"02005e40-24a8-486b-83cb-e865c19dbb89","active":"true","programid":"dce17f2e-af3e-40ad-8e00-3496adef44c3","orderableid":"25665e10-cca7-44c0-b508-e95600d8fb99","orderabledisplaycategoryid":"3bfe0282-732b-4ce8-b4f9-aa7ffb297758","dosesperpatient":1,"fullsupply":"true","displayorder":4,"priceperpack":5.1},{"id":"051c3da5-4490-4ff8-b426-bd7c79252685","active":"true","programid":"dce17f2e-af3e-40ad-8e00-3496adef44c3","orderableid":"d4dbd20e-8ce2-480e-a019-4a90d115719c","orderabledisplaycategoryid":"3bfe0282-732b-4ce8-b4f9-aa7ffb297758","dosesperpatient":1,"fullsupply":"true","displayorder":5,"priceperpack":5.1},{"id":"f3e29f41-dd7a-4a4c-9f20-b1c9923bb0be","active":"true","programid":"dce17f2e-af3e-40ad-8e00-3496adef44c3","orderableid":"8c74cdb8-2138-487d-a7ec-c7b55607c83a","orderabledisplaycategoryid":"3bfe0282-732b-4ce8-b4f9-aa7ffb297758","dosesperpatient":1,"fullsupply":"true","displayorder":6,"priceperpack":5.1},{"id":"76fc2ccb-8aff-4358-8be7-25e70571f493","active":"true","programid":"dce17f2e-af3e-40ad-8e00-3496adef44c3","orderableid":"8dc476f4-222e-46fa-9b4f-f1f67c0f5681","orderabledisplaycategoryid":"3bfe0282-732b-4ce8-b4f9-aa7ffb297758","dosesperpatient":1,"fullsupply":"true","displayorder":7,"priceperpack":5.1},{"id":"178c789e-fde2-4c47-a389-fdf449438020","active":"true","programid":"dce17f2e-af3e-40ad-8e00-3496adef44c3","orderableid":"32a04b36-4b4b-4591-b7fe-927d3569bd06","orderabledisplaycategoryid":"3bfe0282-732b-4ce8-b4f9-aa7ffb297758","dosesperpatient":1,"fullsupply":"true","displayorder":8,"priceperpack":5.1},{"id":"0cee0d57-02cb-4ad6-b381-1fea5d17e5d8","active":"true","programid":"dce17f2e-af3e-40ad-8e00-3496adef44c3","orderableid":"b5cb6082-1def-492d-a0a0-abd2ab3bfafa","orderabledisplaycategoryid":"3bfe0282-732b-4ce8-b4f9-aa7ffb297758","dosesperpatient":1,"fullsupply":"true","displayorder":9,"priceperpack":5.1},{"id":"fbffcdff-10ff-4316-b8fd-f9b29cd3436b","active":"true","programid":"dce17f2e-af3e-40ad-8e00-3496adef44c3","orderableid":"66b29383-b508-48a5-bd26-f7fdf0f8dc9a","orderabledisplaycategoryid":"3bfe0282-732b-4ce8-b4f9-aa7ffb297758","dosesperpatient":1,"fullsupply":"true","displayorder":10,"priceperpack":5.1},{"id":"e817f021-51f5-4044-b74d-58b4d6d6e547","active":"true","programid":"dce17f2e-af3e-40ad-8e00-3496adef44c3","orderableid":"f7dcea66-dc3d-42cd-8cc2-64b2bf929470","orderabledisplaycategoryid":"3bfe0282-732b-4ce8-b4f9-aa7ffb297758","dosesperpatient":1,"fullsupply":"true","displayorder":11,"priceperpack":5.1},{"id":"300bdc4e-3ea0-4b3d-96fa-b79faaa14adc","active":"true","programid":"dce17f2e-af3e-40ad-8e00-3496adef44c3","orderableid":"1a0588a7-5a8d-4184-8955-07ce8f4d578d","orderabledisplaycategoryid":"3bfe0282-732b-4ce8-b4f9-aa7ffb297758","dosesperpatient":1,"fullsupply":"true","displayorder":12,"priceperpack":5.1},{"id":"174ad3ce-9cff-432f-a902-9b9dcd76b25b","active":"true","programid":"dce17f2e-af3e-40ad-8e00-3496adef44c3","orderableid":"70285d72-0790-4846-aa74-23c013c5c408","orderabledisplaycategoryid":"15b8ef1f-a5d6-42dd-95bf-bb68a4504e82","dosesperpatient":1,"fullsupply":"true","displayorder":5,"priceperpack":5.1},{"id":"ea082992-91d1-42ae-b860-4e16a1192209","active":"true","programid":"dce17f2e-af3e-40ad-8e00-3496adef44c3","orderableid":"0dc9c1ad-2266-4fb3-ad74-993c38b8c28a","orderabledisplaycategoryid":"15b8ef1f-a5d6-42dd-95bf-bb68a4504e82","dosesperpatient":1,"fullsupply":"true","displayorder":3,"priceperpack":5.1},{"id":"2a840788-c3d5-400e-8c90-b35b69455089","active":"true","programid":"dce17f2e-af3e-40ad-8e00-3496adef44c3","orderableid":"4cb2f620-27e2-4506-b44b-328a10bf54ca","orderabledisplaycategoryid":"15b8ef1f-a5d6-42dd-95bf-bb68a4504e82","dosesperpatient":1,"fullsupply":"true","displayorder":4,"priceperpack":5.1},{"id":"df7214f6-32c5-4e18-8118-3e935b242997","active":"true","programid":"dce17f2e-af3e-40ad-8e00-3496adef44c3","orderableid":"66c57fb6-5bb4-466e-8159-c0a41eb08137","orderabledisplaycategoryid":"15b8ef1f-a5d6-42dd-95bf-bb68a4504e82","dosesperpatient":1,"fullsupply":"true","displayorder":5,"priceperpack":5.1}]'));
INSERT INTO referencedata.stock_adjustment_reasons (SELECT * FROM json_populate_recordset(NULL::referencedata.stock_adjustment_reasons, '[{"id":"9e25fd93-d8a0-4d1d-8188-55dd3c408d24","name":"Transfer in","description":"Transfer in","additive":true,"programid":"dce17f2e-af3e-40ad-8e00-3496adef44c3","displayorder":1},{"id":"236c97a5-1829-4304-b5b4-f40b3d11a136","name":"Transfer out","description":"Transfer out","additive":false,"programid":"dce17f2e-af3e-40ad-8e00-3496adef44c3","displayorder":2},{"id":"71ee1dc3-5444-4a40-8b17-5676152e2ee1","name":"Damaged","description":"Damaged","additive":false,"programid":"dce17f2e-af3e-40ad-8e00-3496adef44c3","displayorder":3},{"id":"3f671afa-9c28-4de0-b94e-6475e7ae15d4","name":"Lost","description":"Lost","additive":false,"programid":"dce17f2e-af3e-40ad-8e00-3496adef44c3","displayorder":4},{"id":"85a6f1eb-853c-4283-921c-7125ef65b089","name":"Stolen","description":"Stolen","additive":false,"programid":"dce17f2e-af3e-40ad-8e00-3496adef44c3","displayorder":5},{"id":"faf5b4c4-817c-4c2a-b9fb-ea3ac6094a17","name":"Expired","description":"Expired","additive":false,"programid":"dce17f2e-af3e-40ad-8e00-3496adef44c3","displayorder":6},{"id":"212a775a-1632-4cf4-9701-99c568094b10","name":"Passed open-vial time limit","description":"Passed open-vial time limit","additive":false,"programid":"dce17f2e-af3e-40ad-8e00-3496adef44c3","displayorder":7},{"id":"9beb151f-1162-4695-87e6-812552858336","name":"Cold chain failure","description":"Cold chain failure","additive":false,"programid":"dce17f2e-af3e-40ad-8e00-3496adef44c3","displayorder":8},{"id":"bbc1d3fc-bd9d-4623-a10c-7f253bdc6199","name":"Clinic return","description":"Clinic return","additive":true,"programid":"dce17f2e-af3e-40ad-8e00-3496adef44c3","displayorder":9},{"id":"f1b833e0-3cad-4dc1-a13d-7d8b293c3b09","name":"Transfer in","description":"Transfer in","additive":true,"programid":"10845cb9-d365-4aaa-badd-b4fa39c6a26a","displayorder":1},{"id":"b047c538-78a1-490a-86ec-9fe5256943b1","name":"Transfer out","description":"Transfer out","additive":false,"programid":"10845cb9-d365-4aaa-badd-b4fa39c6a26a","displayorder":2},{"id":"28fa945c-ff9c-4121-affb-5c9ac572e8e4","name":"Damaged","description":"Damaged","additive":false,"programid":"10845cb9-d365-4aaa-badd-b4fa39c6a26a","displayorder":3},{"id":"cdbce4e1-70c1-4762-9d61-9e1577c7414c","name":"Lost","description":"Lost","additive":false,"programid":"10845cb9-d365-4aaa-badd-b4fa39c6a26a","displayorder":4},{"id":"ed73fe63-2151-4dcb-83bc-461140b8e5a5","name":"Stolen","description":"Stolen","additive":false,"programid":"10845cb9-d365-4aaa-badd-b4fa39c6a26a","displayorder":5},{"id":"038a6ede-8506-4438-9d4a-d012bbc74f36","name":"Expired","description":"Expired","additive":false,"programid":"10845cb9-d365-4aaa-badd-b4fa39c6a26a","displayorder":6},{"id":"881a5fff-b4cd-4d7f-9aac-e76bef6dbbf9","name":"Clinic return","description":"Clinic return","additive":true,"programid":"10845cb9-d365-4aaa-badd-b4fa39c6a26a","displayorder":9},{"id":"18e3b832-671c-493e-8359-c2133be5288c","name":"Transfer in","description":"Transfer in","additive":true,"programid":"66032ea8-b69b-4102-a1eb-844e57143187","displayorder":1},{"id":"530c5c76-cdf0-4d6e-b3a4-f599f73f47fd","name":"Transfer out","description":"Transfer out","additive":false,"programid":"66032ea8-b69b-4102-a1eb-844e57143187","displayorder":2},{"id":"2ae965c6-2218-4f71-88f2-d0ad1c5af7e2","name":"Damaged","description":"Damaged","additive":false,"programid":"66032ea8-b69b-4102-a1eb-844e57143187","displayorder":3},{"id":"61f65c5b-2e29-4657-9905-459898d85426","name":"Lost","description":"Lost","additive":false,"programid":"66032ea8-b69b-4102-a1eb-844e57143187","displayorder":4},{"id":"8dab137b-4aff-4884-90ef-5bc7fc25fdba","name":"Stolen","description":"Stolen","additive":false,"programid":"66032ea8-b69b-4102-a1eb-844e57143187","displayorder":5},{"id":"cef4ff73-1a42-4481-98d1-57092c9d5fad","name":"Expired","description":"Expired","additive":false,"programid":"66032ea8-b69b-4102-a1eb-844e57143187","displayorder":6},{"id":"30f6002d-a78d-44db-b2b9-46e76795a188","name":"Passed open-vial time limit","description":"Passed open-vial time limit","additive":false,"programid":"66032ea8-b69b-4102-a1eb-844e57143187","displayorder":7},{"id":"6f8d0431-6ec5-4280-9019-c6024b168b23","name":"Cold chain failure","description":"Cold chain failure","additive":false,"programid":"66032ea8-b69b-4102-a1eb-844e57143187","displayorder":8}]'));
INSERT INTO referencedata.supply_lines (SELECT * FROM json_populate_recordset(NULL::referencedata.supply_lines, '[{"id":"54e16aae-35f1-489a-9819-0a677de50d19","description":"Family Planning","supervisorynodeid":"fb38bd1c-beeb-4527-8345-900900329c10","programid":"dce17f2e-af3e-40ad-8e00-3496adef44c3","supplyingfacilityid":"19121381-9f3d-4e77-b9e5-d3f59fc1639e"},{"id":"dd343fe4-ec0c-4a58-831a-68ccf9f19316","description":"Essential Meds","supervisorynodeid":"6d5831e7-c336-4129-bd10-0149910a72aa","programid":"10845cb9-d365-4aaa-badd-b4fa39c6a26a","supplyingfacilityid":"9318b2ea-9ae0-42b2-a7e1-353683f54000"},{"id":"8850527b-9804-4522-8a9d-aaaada74ef56","description":"Family Planning","supervisorynodeid":"fb38bd1c-beeb-4527-8345-900900329c10","programid":"dce17f2e-af3e-40ad-8e00-3496adef44c3","supplyingfacilityid":"9318b2ea-9ae0-42b2-a7e1-353683f54000"}]'));
INSERT INTO referencedata.users (SELECT * FROM json_populate_recordset(NULL::referencedata.users, '[{"id":"a337ec45-31a0-4f2b-9b2e-a105c4b669bb","username":"administrator","email":"administrator@openlmis.org","verified":"true","active":"true","homefacilityid":"e6799d64-d10d-4011-b8c2-0e4d4a3f65ce","firstname":"Admin","lastname":"Admin","loginrestricted":"false","allownotify":"true","timezone":"CET"},{"id":"56a50e9a-9668-437d-a09c-7e709ce22222","username":"devadmin","email":"devadmin@openlmis.org","verified":"true","active":"true","homefacilityid":"19121381-9f3d-4e77-b9e5-d3f59fc1639e","firstname":"Admin","lastname":"Admin","loginrestricted":"false","allownotify":"true","timezone":"CET"},{"id":"c994d1ea-47f7-435d-9d4d-42fb54197698","username":"srmanager1","email":"srmanager1@openlmis.org","verified":"true","active":"true","homefacilityid":"176c4276-1fb1-4507-8ad2-cdfba0f47445","firstname":"John","lastname":"Mabedi","loginrestricted":"false","allownotify":"true","timezone":"CET"},{"id":"f72bf4ee-eb86-4bfd-be88-4f481f4e2fe0","username":"srmanager2","email":"srmanager2@openlmis.org","verified":"true","active":"true","homefacilityid":"e6799d64-d10d-4011-b8c2-0e4d4a3f65ce","firstname":"Prince","lastname":"Nyondo","loginrestricted":"false","allownotify":"true","timezone":"CET"},{"id":"7d6c0269-0c6a-4c9a-a098-46de276b9d26","username":"srmanager3","email":"srmanager3@openlmis.org","verified":"true","active":"true","homefacilityid":"5b39f0fb-5c47-4551-b983-1e30ac6df65d","firstname":"Stanley","lastname":"Bowler","loginrestricted":"false","allownotify":"true","timezone":"CET"},{"id":"c54df462-66d8-4a02-bee9-b786fe2f30ee","username":"srmanager4","email":"olmis.user@gmail.com","verified":"true","active":"true","homefacilityid":"7938919f-6f61-4d1a-a4dc-923c31e9cd45","firstname":"Chimango","lastname":"Tebulo","loginrestricted":"false","allownotify":"true","timezone":"CET"},{"id":"cb5cd52f-f205-475d-8763-90852839424d","username":"smanager1","email":"smanager1@openlmis.org","verified":"true","active":"true","homefacilityid":"176c4276-1fb1-4507-8ad2-cdfba0f47445","firstname":"David","lastname":"Sangala","loginrestricted":"false","allownotify":"true","timezone":"CET"},{"id":"9b2778af-5372-4410-a5c8-899e7f74296b","username":"smanager2","email":"smanager2@openlmis.org","verified":"true","active":"true","homefacilityid":"e6799d64-d10d-4011-b8c2-0e4d4a3f65ce","firstname":"Vincent","lastname":"Muyila","loginrestricted":"false","allownotify":"true","timezone":"CET"},{"id":"2fbe9be3-f5e4-47ec-a10a-f3380c0daf75","username":"smanager3","email":"smanager3@openlmis.org","verified":"true","active":"true","homefacilityid":"5b39f0fb-5c47-4551-b983-1e30ac6df65d","firstname":"Arnold","lastname":"Mpasu","loginrestricted":"false","allownotify":"true","timezone":"CET"},{"id":"469c6e1c-aab7-4640-8925-f3c34bbe752d","username":"smanager4","email":"smanager4@openlmis.org","verified":"true","active":"true","homefacilityid":"7938919f-6f61-4d1a-a4dc-923c31e9cd45","firstname":"Diego","lastname":"Sibale","loginrestricted":"false","allownotify":"true","timezone":"CET"},{"id":"573cf089-dfff-4273-b353-d94058164e55","username":"dsrmanager","email":"dsrmanager@openlmis.org","verified":"true","active":"true","homefacilityid":"13037147-1769-4735-90a7-b9b310d128b8","firstname":"Blessings","lastname":"Kalagho","loginrestricted":"false","allownotify":"true","timezone":"CET"},{"id":"2bb552b3-0324-42ef-bb21-c5cc74a38592","username":"psupervisor","email":"psupervisor@openlmis.org","verified":"true","active":"true","firstname":"Francis","lastname":"Chirwa","loginrestricted":"false","allownotify":"true","timezone":"CET"},{"id":"247b366d-f8ab-4226-9ae9-a188d5ee8e22","username":"wclerk1","email":"wclerk1@openlmis.org","verified":"true","active":"true","homefacilityid":"19121381-9f3d-4e77-b9e5-d3f59fc1639e","firstname":"Kennedy","lastname":"Banda","loginrestricted":"false","allownotify":"true","timezone":"CET"},{"id":"476415b1-ca81-4561-a3b7-fa3d08434800","username":"wclerk2","email":"wclerk2@openlmis.org","verified":"true","active":"true","homefacilityid":"9318b2ea-9ae0-42b2-a7e1-353683f54000","firstname":"Felix","lastname":"Gwaza","loginrestricted":"false","allownotify":"true","timezone":"CET"}]'));
INSERT INTO referencedata.roles (SELECT * FROM json_populate_recordset(NULL::referencedata.roles, '[{"id":"185db8f7-ee35-44d0-8b40-6de12489ae77","name":"Storeroom Manager"},{"id":"b6134c01-cb37-4303-85f0-8c8eab9d3cec","name":"Store Manager"},{"id":"2c3e59f2-6630-4e6d-b98a-4ed427ed778d","name":"District Storeroom Manager"},{"id":"d30a2fbb-51d9-49ad-90fe-fb405470a439","name":"Program Supervisor"},{"id":"e16d802b-8eb1-43f7-adf8-ef123227cb88","name":"Warehouse Clerk"},{"id":"2fef03c4-8854-4dc8-b126-007f5e2afcc1","name":"Reporting Personnel"}]'));
INSERT INTO referencedata.role_assignments (SELECT * FROM json_populate_recordset(NULL::referencedata.role_assignments, '[{"id":"ea3548db-243f-4666-880a-4dcf7d45d846","type":"fulfillment","warehouseid":"19121381-9f3d-4e77-b9e5-d3f59fc1639e","userid":"a337ec45-31a0-4f2b-9b2e-a105c4b669bb","roleid":"e16d802b-8eb1-43f7-adf8-ef123227cb88"},{"id":"90f530b1-82c2-402b-afaa-66a4fc0b24f5","type":"fulfillment","warehouseid":"9318b2ea-9ae0-42b2-a7e1-353683f54000","userid":"a337ec45-31a0-4f2b-9b2e-a105c4b669bb","roleid":"e16d802b-8eb1-43f7-adf8-ef123227cb88"},{"id":"8ad78ea5-aa02-4b69-bb27-400e5e1d395b","type":"supervision","supervisorynodeid":"fb38bd1c-beeb-4527-8345-900900329c10","programid":"10845cb9-d365-4aaa-badd-b4fa39c6a26a","userid":"a337ec45-31a0-4f2b-9b2e-a105c4b669bb","roleid":"d30a2fbb-51d9-49ad-90fe-fb405470a439"},{"id":"6745e82c-99df-11e6-9f33-a24fc0d9649c","type":"supervision","supervisorynodeid":"fb38bd1c-beeb-4527-8345-900900329c10","programid":"dce17f2e-af3e-40ad-8e00-3496adef44c3","userid":"a337ec45-31a0-4f2b-9b2e-a105c4b669bb","roleid":"d30a2fbb-51d9-49ad-90fe-fb405470a439"},{"id":"f3f85c94-386b-4496-96c7-b796f078ecb8","type":"supervision","supervisorynodeid":"6d5831e7-c336-4129-bd10-0149910a72aa","programid":"10845cb9-d365-4aaa-badd-b4fa39c6a26a","userid":"a337ec45-31a0-4f2b-9b2e-a105c4b669bb","roleid":"d30a2fbb-51d9-49ad-90fe-fb405470a439"},{"id":"91f9ec53-6055-4b78-95cb-4e7afc600b3d","type":"supervision","supervisorynodeid":"6d5831e7-c336-4129-bd10-0149910a72aa","programid":"dce17f2e-af3e-40ad-8e00-3496adef44c3","userid":"a337ec45-31a0-4f2b-9b2e-a105c4b669bb","roleid":"d30a2fbb-51d9-49ad-90fe-fb405470a439"},{"id":"b83b6ac1-a74e-4336-a921-0075c1b29800","type":"supervision","supervisorynodeid":"6d5831e7-c336-4129-bd10-0149910a72aa","programid":"10845cb9-d365-4aaa-badd-b4fa39c6a26a","userid":"a337ec45-31a0-4f2b-9b2e-a105c4b669bb","roleid":"2c3e59f2-6630-4e6d-b98a-4ed427ed778d"},{"id":"97653326-1d84-4c6e-86a5-a856a183bc06","type":"supervision","supervisorynodeid":"6d5831e7-c336-4129-bd10-0149910a72aa","programid":"dce17f2e-af3e-40ad-8e00-3496adef44c3","userid":"a337ec45-31a0-4f2b-9b2e-a105c4b669bb","roleid":"2c3e59f2-6630-4e6d-b98a-4ed427ed778d"},{"id":"881669c3-209b-4d73-b8b6-b96059e361e6","type":"supervision","supervisorynodeid":"9f470265-0770-4dd1-bd5a-cf8fe3734d79","programid":"10845cb9-d365-4aaa-badd-b4fa39c6a26a","userid":"a337ec45-31a0-4f2b-9b2e-a105c4b669bb","roleid":"2c3e59f2-6630-4e6d-b98a-4ed427ed778d"},{"id":"a3128cf0-f7c4-4b86-8d5a-94072878279d","type":"supervision","supervisorynodeid":"9f470265-0770-4dd1-bd5a-cf8fe3734d79","programid":"dce17f2e-af3e-40ad-8e00-3496adef44c3","userid":"a337ec45-31a0-4f2b-9b2e-a105c4b669bb","roleid":"2c3e59f2-6630-4e6d-b98a-4ed427ed778d"},{"id":"8c2ba0dd-a157-42b2-b33a-e0bb5938edf1","type":"supervision","programid":"10845cb9-d365-4aaa-badd-b4fa39c6a26a","userid":"a337ec45-31a0-4f2b-9b2e-a105c4b669bb","roleid":"b6134c01-cb37-4303-85f0-8c8eab9d3cec"},{"id":"f9c1ff2a-5856-40f9-b9a3-f1df9cf4cfc2","type":"supervision","programid":"dce17f2e-af3e-40ad-8e00-3496adef44c3","userid":"a337ec45-31a0-4f2b-9b2e-a105c4b669bb","roleid":"b6134c01-cb37-4303-85f0-8c8eab9d3cec"},{"id":"88972916-329f-4552-94c0-c141d02945d2","type":"supervision","programid":"10845cb9-d365-4aaa-badd-b4fa39c6a26a","userid":"a337ec45-31a0-4f2b-9b2e-a105c4b669bb","roleid":"185db8f7-ee35-44d0-8b40-6de12489ae77"},{"id":"736efa94-e6bf-4bdf-80f1-fbbdd036e47e","type":"supervision","programid":"dce17f2e-af3e-40ad-8e00-3496adef44c3","userid":"a337ec45-31a0-4f2b-9b2e-a105c4b669bb","roleid":"185db8f7-ee35-44d0-8b40-6de12489ae77"},{"id":"27c94f92-b8aa-11e6-80f5-76304dec7eb7","type":"direct","userid":"a337ec45-31a0-4f2b-9b2e-a105c4b669bb","roleid":"a439c5de-b8aa-11e6-80f5-76304dec7eb7"},{"id":"272ddb53-928c-4283-ae27-181280c0a570","type":"direct","userid":"a337ec45-31a0-4f2b-9b2e-a105c4b669bb","roleid":"2fef03c4-8854-4dc8-b126-007f5e2afcc1"},{"id":"4d5264f2-dc9e-11e6-bf26-cec0c932ce01","type":"supervision","programid":"dce17f2e-af3e-40ad-8e00-3496adef44c3","userid":"c994d1ea-47f7-435d-9d4d-42fb54197698","roleid":"185db8f7-ee35-44d0-8b40-6de12489ae77"},{"id":"3f794ae3-cabb-4f10-a3c6-70f5cb8b16d9","type":"supervision","programid":"10845cb9-d365-4aaa-badd-b4fa39c6a26a","userid":"f72bf4ee-eb86-4bfd-be88-4f481f4e2fe0","roleid":"185db8f7-ee35-44d0-8b40-6de12489ae77"},{"id":"4762dba1-9a9e-4c36-9ffb-63994a3bd044","type":"supervision","programid":"dce17f2e-af3e-40ad-8e00-3496adef44c3","userid":"f72bf4ee-eb86-4bfd-be88-4f481f4e2fe0","roleid":"185db8f7-ee35-44d0-8b40-6de12489ae77"},{"id":"b0776e4e-245c-44cd-9b3b-0775d5f531b3","type":"supervision","programid":"10845cb9-d365-4aaa-badd-b4fa39c6a26a","userid":"7d6c0269-0c6a-4c9a-a098-46de276b9d26","roleid":"185db8f7-ee35-44d0-8b40-6de12489ae77"},{"id":"39e7eb1a-ef11-4d68-bfb7-ce6faa0b460d","type":"supervision","programid":"10845cb9-d365-4aaa-badd-b4fa39c6a26a","userid":"c54df462-66d8-4a02-bee9-b786fe2f30ee","roleid":"185db8f7-ee35-44d0-8b40-6de12489ae77"},{"id":"17a50881-3298-47a6-ac02-1c0cb5cf1d85","type":"supervision","programid":"dce17f2e-af3e-40ad-8e00-3496adef44c3","userid":"c54df462-66d8-4a02-bee9-b786fe2f30ee","roleid":"185db8f7-ee35-44d0-8b40-6de12489ae77"},{"id":"5e8827a3-e043-4930-b2c5-850ffb606fc7","type":"supervision","programid":"dce17f2e-af3e-40ad-8e00-3496adef44c3","userid":"cb5cd52f-f205-475d-8763-90852839424d","roleid":"b6134c01-cb37-4303-85f0-8c8eab9d3cec"},{"id":"485189ea-dca0-11e6-bf26-cec0c932ce01","type":"supervision","programid":"dce17f2e-af3e-40ad-8e00-3496adef44c3","userid":"9b2778af-5372-4410-a5c8-899e7f74296b","roleid":"b6134c01-cb37-4303-85f0-8c8eab9d3cec"},{"id":"4dfb8e5e-dca0-11e6-bf26-cec0c932ce01","type":"supervision","programid":"10845cb9-d365-4aaa-badd-b4fa39c6a26a","userid":"9b2778af-5372-4410-a5c8-899e7f74296b","roleid":"b6134c01-cb37-4303-85f0-8c8eab9d3cec"},{"id":"85e48dea-9c9a-4cb5-b0cc-1407371f7e44","type":"supervision","supervisorynodeid":"fb38bd1c-beeb-4527-8345-900900329c10","programid":"dce17f2e-af3e-40ad-8e00-3496adef44c3","userid":"9b2778af-5372-4410-a5c8-899e7f74296b","roleid":"b6134c01-cb37-4303-85f0-8c8eab9d3cec"},{"id":"c98a2898-a821-42d7-95b7-4fb68fa19c92","type":"supervision","supervisorynodeid":"fb38bd1c-beeb-4527-8345-900900329c10","programid":"10845cb9-d365-4aaa-badd-b4fa39c6a26a","userid":"9b2778af-5372-4410-a5c8-899e7f74296b","roleid":"b6134c01-cb37-4303-85f0-8c8eab9d3cec"},{"id":"6e54eea4-5ffa-4a9b-a629-684a2e8a135c","type":"supervision","programid":"10845cb9-d365-4aaa-badd-b4fa39c6a26a","userid":"2fbe9be3-f5e4-47ec-a10a-f3380c0daf75","roleid":"b6134c01-cb37-4303-85f0-8c8eab9d3cec"},{"id":"9b52f4dd-dc12-43f5-ade6-b1196c3b476b","type":"supervision","programid":"dce17f2e-af3e-40ad-8e00-3496adef44c3","userid":"469c6e1c-aab7-4640-8925-f3c34bbe752d","roleid":"b6134c01-cb37-4303-85f0-8c8eab9d3cec"},{"id":"7d397fe2-d2bd-49c2-8a67-757e4c64c182","type":"supervision","programid":"10845cb9-d365-4aaa-badd-b4fa39c6a26a","userid":"469c6e1c-aab7-4640-8925-f3c34bbe752d","roleid":"b6134c01-cb37-4303-85f0-8c8eab9d3cec"},{"id":"676b7a70-dca0-11e6-bf26-cec0c932ce01","type":"supervision","supervisorynodeid":"9f470265-0770-4dd1-bd5a-cf8fe3734d79","programid":"dce17f2e-af3e-40ad-8e00-3496adef44c3","userid":"573cf089-dfff-4273-b353-d94058164e55","roleid":"2c3e59f2-6630-4e6d-b98a-4ed427ed778d"},{"id":"6f0b6ae2-dca0-11e6-bf26-cec0c932ce01","type":"supervision","supervisorynodeid":"6d5831e7-c336-4129-bd10-0149910a72aa","programid":"10845cb9-d365-4aaa-badd-b4fa39c6a26a","userid":"573cf089-dfff-4273-b353-d94058164e55","roleid":"2c3e59f2-6630-4e6d-b98a-4ed427ed778d"},{"id":"ac00daa4-dca0-11e6-bf26-cec0c932ce01","type":"supervision","supervisorynodeid":"fb38bd1c-beeb-4527-8345-900900329c10","programid":"dce17f2e-af3e-40ad-8e00-3496adef44c3","userid":"2bb552b3-0324-42ef-bb21-c5cc74a38592","roleid":"d30a2fbb-51d9-49ad-90fe-fb405470a439"},{"id":"e6a99c24-f057-4a6a-a566-d1885edf5172","type":"supervision","supervisorynodeid":"fb38bd1c-beeb-4527-8345-900900329c10","programid":"dce17f2e-af3e-40ad-8e00-3496adef44c3","userid":"2bb552b3-0324-42ef-bb21-c5cc74a38592","roleid":"d30a2fbb-51d9-49ad-90fe-fb405470a439"},{"id":"2adf5f08-dca1-11e6-bf26-cec0c932ce01","type":"fulfillment","warehouseid":"19121381-9f3d-4e77-b9e5-d3f59fc1639e","userid":"247b366d-f8ab-4226-9ae9-a188d5ee8e22","roleid":"e16d802b-8eb1-43f7-adf8-ef123227cb88"},{"id":"3879b23b-13f9-4d10-98a7-91dfbd9421bc","type":"fulfillment","warehouseid":"9318b2ea-9ae0-42b2-a7e1-353683f54000","userid":"476415b1-ca81-4561-a3b7-fa3d08434800","roleid":"e16d802b-8eb1-43f7-adf8-ef123227cb88"}]'));
INSERT INTO referencedata.requisition_groups (SELECT * FROM json_populate_recordset(NULL::referencedata.requisition_groups, '[{"id":"1642bfd8-94e1-4fcf-80e7-254b29ca8e05","code":"RGFP1","name":"RG Family Planning 1","supervisorynodeid":"fb38bd1c-beeb-4527-8345-900900329c10"},{"id":"84b33e28-f537-4a76-8895-9d4d564a623a","code":"RGEM1","name":"RG Essential Meds 1","supervisorynodeid":"6d5831e7-c336-4129-bd10-0149910a72aa"},{"id":"e90da490-a371-4c2f-83c3-7c1dc9748d48","code":"RGFP2","name":"RG Family Planning 2","supervisorynodeid":"9f470265-0770-4dd1-bd5a-cf8fe3734d79"}]'));
INSERT INTO referencedata.requisition_group_program_schedules (SELECT * FROM json_populate_recordset(NULL::referencedata.requisition_group_program_schedules, '[{"id":"e7aab4ca-4586-4ef2-8923-dc3940bb3104","programid":"dce17f2e-af3e-40ad-8e00-3496adef44c3","processingscheduleid":"9c15bd6e-3f6b-4b91-b53a-36c199d35eac","directdelivery":"true","requisitiongroupid":"1642bfd8-94e1-4fcf-80e7-254b29ca8e05"},{"id":"56b50f88-13e2-4dd1-8210-fead7025b106","programid":"10845cb9-d365-4aaa-badd-b4fa39c6a26a","processingscheduleid":"057921bd-1841-4748-8523-dbe5ebb58368","directdelivery":"true","requisitiongroupid":"84b33e28-f537-4a76-8895-9d4d564a623a"},{"id":"298da8ae-bff9-4f1c-99f5-49e02b2b3b91","programid":"dce17f2e-af3e-40ad-8e00-3496adef44c3","processingscheduleid":"057921bd-1841-4748-8523-dbe5ebb58368","directdelivery":"true","requisitiongroupid":"e90da490-a371-4c2f-83c3-7c1dc9748d48"}]'));
INSERT INTO referencedata.supported_programs (SELECT * FROM json_populate_recordset(NULL::referencedata.supported_programs, '[{"id":"29172001-809d-45bd-bbae-3a53b544709a","active":true,"facilityid":"e6799d64-d10d-4011-b8c2-0e4d4a3f65ce","programid":"dce17f2e-af3e-40ad-8e00-3496adef44c3"},{"id":"a3da399c-547e-4dbe-9b94-8361f626b334","active":true,"facilityid":"e6799d64-d10d-4011-b8c2-0e4d4a3f65ce","programid":"10845cb9-d365-4aaa-badd-b4fa39c6a26a"},{"id":"56615552-9f08-4b2c-8553-562774fd4c94","active":true,"facilityid":"13037147-1769-4735-90a7-b9b310d128b8","programid":"dce17f2e-af3e-40ad-8e00-3496adef44c3"},{"id":"0f19e23e-207b-41f2-8519-200585197bb9","active":true,"facilityid":"13037147-1769-4735-90a7-b9b310d128b8","programid":"10845cb9-d365-4aaa-badd-b4fa39c6a26a"},{"id":"bbc314ca-dcc3-11e6-bf26-cec0c932ce01","active":true,"facilityid":"7938919f-6f61-4d1a-a4dc-923c31e9cd45","programid":"dce17f2e-af3e-40ad-8e00-3496adef44c3"},{"id":"c02cf0a8-dcc3-11e6-bf26-cec0c932ce01","active":true,"facilityid":"7938919f-6f61-4d1a-a4dc-923c31e9cd45","programid":"10845cb9-d365-4aaa-badd-b4fa39c6a26a"},{"id":"d49d2a12-dcc3-11e6-bf26-cec0c932ce01","active":true,"facilityid":"176c4276-1fb1-4507-8ad2-cdfba0f47445","programid":"dce17f2e-af3e-40ad-8e00-3496adef44c3"},{"id":"0494560a-dcc4-11e6-bf26-cec0c932ce01","active":true,"facilityid":"5b39f0fb-5c47-4551-b983-1e30ac6df65d","programid":"10845cb9-d365-4aaa-badd-b4fa39c6a26a"},{"id":"2b0bbdfd-38ed-474f-97d3-41760a92d2c2","active":true,"facilityid":"9318b2ea-9ae0-42b2-a7e1-353683f54000","programid":"dce17f2e-af3e-40ad-8e00-3496adef44c3"},{"id":"7f5da365-2c8f-444d-96c3-21e99ea499e8","active":true,"facilityid":"9318b2ea-9ae0-42b2-a7e1-353683f54000","programid":"10845cb9-d365-4aaa-badd-b4fa39c6a26a"}]'));
INSERT INTO referencedata.requisition_group_members (SELECT * FROM json_populate_recordset(NULL::referencedata.requisition_group_members, '[{"requisitiongroupid":"1642bfd8-94e1-4fcf-80e7-254b29ca8e05","facilityid":"176c4276-1fb1-4507-8ad2-cdfba0f47445"},{"requisitiongroupid":"1642bfd8-94e1-4fcf-80e7-254b29ca8e05","facilityid":"e6799d64-d10d-4011-b8c2-0e4d4a3f65ce"},{"requisitiongroupid":"84b33e28-f537-4a76-8895-9d4d564a623a","facilityid":"e6799d64-d10d-4011-b8c2-0e4d4a3f65ce"},{"requisitiongroupid":"84b33e28-f537-4a76-8895-9d4d564a623a","facilityid":"5b39f0fb-5c47-4551-b983-1e30ac6df65d"},{"requisitiongroupid":"84b33e28-f537-4a76-8895-9d4d564a623a","facilityid":"13037147-1769-4735-90a7-b9b310d128b8"},{"requisitiongroupid":"84b33e28-f537-4a76-8895-9d4d564a623a","facilityid":"7938919f-6f61-4d1a-a4dc-923c31e9cd45"},{"requisitiongroupid":"e90da490-a371-4c2f-83c3-7c1dc9748d48","facilityid":"13037147-1769-4735-90a7-b9b310d128b8"},{"requisitiongroupid":"e90da490-a371-4c2f-83c3-7c1dc9748d48","facilityid":"7938919f-6f61-4d1a-a4dc-923c31e9cd45"}]'));
INSERT INTO referencedata.role_rights (SELECT * FROM json_populate_recordset(NULL::referencedata.role_rights, '[{"roleid":"185db8f7-ee35-44d0-8b40-6de12489ae77","rightid":"9ade922b-3523-4582-bef4-a47701f7df14"},{"roleid":"185db8f7-ee35-44d0-8b40-6de12489ae77","rightid":"e101d2b8-6a0f-4af6-a5de-a9576b4ebc50"},{"roleid":"185db8f7-ee35-44d0-8b40-6de12489ae77","rightid":"c3eb5df0-c3ac-4e70-a978-02827462f60e"},{"roleid":"185db8f7-ee35-44d0-8b40-6de12489ae77","rightid":"94ae9da9-3d66-465e-9b1f-572c705e5d7f"},{"roleid":"185db8f7-ee35-44d0-8b40-6de12489ae77","rightid":"24df2715-850c-4336-b650-90eb78c544bf"},{"roleid":"b6134c01-cb37-4303-85f0-8c8eab9d3cec","rightid":"feb4c0b8-f6d2-4289-b29d-811c1d0b2863"},{"roleid":"b6134c01-cb37-4303-85f0-8c8eab9d3cec","rightid":"e101d2b8-6a0f-4af6-a5de-a9576b4ebc50"},{"roleid":"b6134c01-cb37-4303-85f0-8c8eab9d3cec","rightid":"c3eb5df0-c3ac-4e70-a978-02827462f60e"},{"roleid":"2c3e59f2-6630-4e6d-b98a-4ed427ed778d","rightid":"bffa2de2-dc2a-47dd-b126-6501748ac3fc"},{"roleid":"2c3e59f2-6630-4e6d-b98a-4ed427ed778d","rightid":"e101d2b8-6a0f-4af6-a5de-a9576b4ebc50"},{"roleid":"d30a2fbb-51d9-49ad-90fe-fb405470a439","rightid":"bffa2de2-dc2a-47dd-b126-6501748ac3fc"},{"roleid":"d30a2fbb-51d9-49ad-90fe-fb405470a439","rightid":"e101d2b8-6a0f-4af6-a5de-a9576b4ebc50"},{"roleid":"d30a2fbb-51d9-49ad-90fe-fb405470a439","rightid":"feb4c0b8-f6d2-4289-b29d-811c1d0b2863"},{"roleid":"d30a2fbb-51d9-49ad-90fe-fb405470a439","rightid":"9ade922b-3523-4582-bef4-a47701f7df14"},{"roleid":"e16d802b-8eb1-43f7-adf8-ef123227cb88","rightid":"e101d2b8-6a0f-4af6-a5de-a9576b4ebc50"},{"roleid":"e16d802b-8eb1-43f7-adf8-ef123227cb88","rightid":"24df2715-850c-4336-b650-90eb78c544bf"},{"roleid":"e16d802b-8eb1-43f7-adf8-ef123227cb88","rightid":"7b2da074-b754-4e49-bad3-2520651e5107"},{"roleid":"e16d802b-8eb1-43f7-adf8-ef123227cb88","rightid":"60580166-ab1c-464a-8401-08384efc57b7"},{"roleid":"2fef03c4-8854-4dc8-b126-007f5e2afcc1","rightid":"35cf256f-1b28-41ad-84f5-99c158083dfc"},{"roleid":"2fef03c4-8854-4dc8-b126-007f5e2afcc1","rightid":"60561639-4f94-4371-a5b5-ba95ecf7627f"}]'));
INSERT INTO referencedata.facility_type_approved_products (SELECT * FROM json_populate_recordset(NULL::referencedata.facility_type_approved_products, '[{"id":"c5d4427b-7427-4209-ae35-1d5bd92ef3b8","facilitytypeid":"ac1d268b-ce10-455f-bf87-9c667da8f060","programid":"10845cb9-d365-4aaa-badd-b4fa39c6a26a","orderableid":"2400e410-b8dd-4954-b1c0-80d8a8e785fc","maxperiodsofstock":"3","minperiodsofstock":"1.5","emergencyorderpoint":"1"},{"id":"1125d62f-f9f3-40b8-8327-5204b64315ed","facilitytypeid":"ac1d268b-ce10-455f-bf87-9c667da8f060","programid":"10845cb9-d365-4aaa-badd-b4fa39c6a26a","orderableid":"c9e65f02-f84f-4ba2-85f7-e2cb6f0989af","maxperiodsofstock":"3","minperiodsofstock":"1.5","emergencyorderpoint":"1"},{"id":"b2ebdcbc-662c-4467-846a-af5f0068d1ca","facilitytypeid":"ac1d268b-ce10-455f-bf87-9c667da8f060","programid":"dce17f2e-af3e-40ad-8e00-3496adef44c3","orderableid":"d602d0c6-4052-456c-8ccd-61b4ad77bece","maxperiodsofstock":"3","minperiodsofstock":"1.5","emergencyorderpoint":"1"},{"id":"7e407f1c-5681-4b80-8600-f97beec69a29","facilitytypeid":"ac1d268b-ce10-455f-bf87-9c667da8f060","programid":"dce17f2e-af3e-40ad-8e00-3496adef44c3","orderableid":"23819693-0670-4c4b-b400-28e009b86b51","maxperiodsofstock":"3","minperiodsofstock":"1.5","emergencyorderpoint":"1"},{"id":"7be8822f-b87c-40b8-a2b3-4d0620e3cfe8","facilitytypeid":"ac1d268b-ce10-455f-bf87-9c667da8f060","programid":"dce17f2e-af3e-40ad-8e00-3496adef44c3","orderableid":"7f7b83db-580d-4269-88d2-7f9c80a591a9","maxperiodsofstock":"3","minperiodsofstock":"1.5","emergencyorderpoint":"1"},{"id":"a7ef2398-052a-4e31-9a53-a5fbe702e39d","facilitytypeid":"ac1d268b-ce10-455f-bf87-9c667da8f060","programid":"dce17f2e-af3e-40ad-8e00-3496adef44c3","orderableid":"bfde33c3-83f1-4feb-a27c-842852f66b71","maxperiodsofstock":"3","minperiodsofstock":"1.5","emergencyorderpoint":"1"},{"id":"34d820a9-37b9-44aa-90df-c736f8481f77","facilitytypeid":"ac1d268b-ce10-455f-bf87-9c667da8f060","programid":"dce17f2e-af3e-40ad-8e00-3496adef44c3","orderableid":"880cf2eb-7b68-4450-a037-a0dec1a17987","maxperiodsofstock":"3","minperiodsofstock":"1.5","emergencyorderpoint":"1"},{"id":"3c3ef7ad-2447-4643-b1bd-de9c0c159da6","facilitytypeid":"ac1d268b-ce10-455f-bf87-9c667da8f060","programid":"dce17f2e-af3e-40ad-8e00-3496adef44c3","orderableid":"7b9b66e0-f008-4c38-93ec-7a5f4868cca9","maxperiodsofstock":"3","minperiodsofstock":"1.5","emergencyorderpoint":"1"},{"id":"ab0d91d4-0251-483e-ac98-ed7d1369dd27","facilitytypeid":"ac1d268b-ce10-455f-bf87-9c667da8f060","programid":"66032ea8-b69b-4102-a1eb-844e57143187","orderableid":"7f7b83db-580d-4269-88d2-7f9c80a591a9","maxperiodsofstock":"3","minperiodsofstock":"1.5","emergencyorderpoint":"1"},{"id":"2b779752-a92d-444f-9dbc-dcc24fea4548","facilitytypeid":"ac1d268b-ce10-455f-bf87-9c667da8f060","programid":"dce17f2e-af3e-40ad-8e00-3496adef44c3","orderableid":"ef8cdc67-688a-4b9b-a253-a20889d74447","maxperiodsofstock":"3","minperiodsofstock":"1.5","emergencyorderpoint":"1"},{"id":"1ca716f9-0a03-4158-b802-9608e9e5c6c8","facilitytypeid":"ac1d268b-ce10-455f-bf87-9c667da8f060","programid":"dce17f2e-af3e-40ad-8e00-3496adef44c3","orderableid":"142bc03c-f4fc-40a8-a1ef-efebc900b171","maxperiodsofstock":"3","minperiodsofstock":"1.5","emergencyorderpoint":"1"},{"id":"319ab993-295e-4879-91ab-208540e4ffee","facilitytypeid":"ac1d268b-ce10-455f-bf87-9c667da8f060","programid":"dce17f2e-af3e-40ad-8e00-3496adef44c3","orderableid":"62e16def-53ef-46b5-8bf1-8dab9b0bcec1","maxperiodsofstock":"3","minperiodsofstock":"1.5","emergencyorderpoint":"1"},{"id":"9b1a7e97-5b96-4b9e-a4a6-d92ee5247369","facilitytypeid":"ac1d268b-ce10-455f-bf87-9c667da8f060","programid":"dce17f2e-af3e-40ad-8e00-3496adef44c3","orderableid":"430e898a-59a8-465a-8431-98cd55bbe418","maxperiodsofstock":"3","minperiodsofstock":"1.5","emergencyorderpoint":"1"},{"id":"dd178790-397a-4fe5-ae9b-cee44bbfd248","facilitytypeid":"ac1d268b-ce10-455f-bf87-9c667da8f060","programid":"dce17f2e-af3e-40ad-8e00-3496adef44c3","orderableid":"b42db3d0-b2a1-46db-abd0-99421878a4da","maxperiodsofstock":"3","minperiodsofstock":"1.5","emergencyorderpoint":"1"},{"id":"d0009b2e-2e84-439e-9762-35252427500f","facilitytypeid":"ac1d268b-ce10-455f-bf87-9c667da8f060","programid":"dce17f2e-af3e-40ad-8e00-3496adef44c3","orderableid":"f573f7d1-b90b-4c3c-8d8b-b8865315d32d","maxperiodsofstock":"3","minperiodsofstock":"1.5","emergencyorderpoint":"1"},{"id":"f5481abe-ddcb-425e-ad9b-25e55d26baf2","facilitytypeid":"ac1d268b-ce10-455f-bf87-9c667da8f060","programid":"dce17f2e-af3e-40ad-8e00-3496adef44c3","orderableid":"4b0d49aa-aa15-4ccf-b91b-197f7cb35c16","maxperiodsofstock":"3","minperiodsofstock":"1.5","emergencyorderpoint":"1"},{"id":"c5fdbb22-bed0-4cd6-9b76-30835a4385a6","facilitytypeid":"ac1d268b-ce10-455f-bf87-9c667da8f060","programid":"dce17f2e-af3e-40ad-8e00-3496adef44c3","orderableid":"25665e10-cca7-44c0-b508-e95600d8fb99","maxperiodsofstock":"3","minperiodsofstock":"1.5","emergencyorderpoint":"1"},{"id":"ae63c8c7-4f13-4876-a462-e5ef83f457c2","facilitytypeid":"ac1d268b-ce10-455f-bf87-9c667da8f060","programid":"dce17f2e-af3e-40ad-8e00-3496adef44c3","orderableid":"d4dbd20e-8ce2-480e-a019-4a90d115719c","maxperiodsofstock":"3","minperiodsofstock":"1.5","emergencyorderpoint":"1"},{"id":"3bf47ca0-b28c-4281-833b-642b47bcdf50","facilitytypeid":"ac1d268b-ce10-455f-bf87-9c667da8f060","programid":"dce17f2e-af3e-40ad-8e00-3496adef44c3","orderableid":"8c74cdb8-2138-487d-a7ec-c7b55607c83a","maxperiodsofstock":"3","minperiodsofstock":"1.5","emergencyorderpoint":"1"},{"id":"e6fcac34-f782-4284-b83a-1f28d22ee43d","facilitytypeid":"ac1d268b-ce10-455f-bf87-9c667da8f060","programid":"dce17f2e-af3e-40ad-8e00-3496adef44c3","orderableid":"8dc476f4-222e-46fa-9b4f-f1f67c0f5681","maxperiodsofstock":"3","minperiodsofstock":"1.5","emergencyorderpoint":"1"},{"id":"cfd5bbdb-bfa0-42f9-bb34-7603a086694a","facilitytypeid":"ac1d268b-ce10-455f-bf87-9c667da8f060","programid":"dce17f2e-af3e-40ad-8e00-3496adef44c3","orderableid":"32a04b36-4b4b-4591-b7fe-927d3569bd06","maxperiodsofstock":"3","minperiodsofstock":"1.5","emergencyorderpoint":"1"},{"id":"8a36317a-c294-4b69-a3b9-653939ab5e5a","facilitytypeid":"ac1d268b-ce10-455f-bf87-9c667da8f060","programid":"dce17f2e-af3e-40ad-8e00-3496adef44c3","orderableid":"b5cb6082-1def-492d-a0a0-abd2ab3bfafa","maxperiodsofstock":"3","minperiodsofstock":"1.5","emergencyorderpoint":"1"},{"id":"67719200-56c3-4586-ac49-c8fefeeb4898","facilitytypeid":"ac1d268b-ce10-455f-bf87-9c667da8f060","programid":"dce17f2e-af3e-40ad-8e00-3496adef44c3","orderableid":"66b29383-b508-48a5-bd26-f7fdf0f8dc9a","maxperiodsofstock":"3","minperiodsofstock":"1.5","emergencyorderpoint":"1"},{"id":"3f4fa44a-9a46-4f96-97af-bb34c4e36e6b","facilitytypeid":"ac1d268b-ce10-455f-bf87-9c667da8f060","programid":"dce17f2e-af3e-40ad-8e00-3496adef44c3","orderableid":"f7dcea66-dc3d-42cd-8cc2-64b2bf929470","maxperiodsofstock":"3","minperiodsofstock":"1.5","emergencyorderpoint":"1"},{"id":"a722cfd4-17d6-4909-80ab-31275fd111fe","facilitytypeid":"ac1d268b-ce10-455f-bf87-9c667da8f060","programid":"dce17f2e-af3e-40ad-8e00-3496adef44c3","orderableid":"1a0588a7-5a8d-4184-8955-07ce8f4d578d","maxperiodsofstock":"3","minperiodsofstock":"1.5","emergencyorderpoint":"1"},{"id":"e13884fe-c9f2-4f5b-ba1a-bc54e8cd9eda","facilitytypeid":"ac1d268b-ce10-455f-bf87-9c667da8f060","programid":"dce17f2e-af3e-40ad-8e00-3496adef44c3","orderableid":"70285d72-0790-4846-aa74-23c013c5c408","maxperiodsofstock":"3","minperiodsofstock":"1.5","emergencyorderpoint":"1"},{"id":"6cb50f54-2fae-406e-8910-f6f8bc888be7","facilitytypeid":"ac1d268b-ce10-455f-bf87-9c667da8f060","programid":"dce17f2e-af3e-40ad-8e00-3496adef44c3","orderableid":"0dc9c1ad-2266-4fb3-ad74-993c38b8c28a","maxperiodsofstock":"3","minperiodsofstock":"1.5","emergencyorderpoint":"1"},{"id":"4f34d80b-e7a8-4a84-bb54-bdd2e6fdddf8","facilitytypeid":"ac1d268b-ce10-455f-bf87-9c667da8f060","programid":"dce17f2e-af3e-40ad-8e00-3496adef44c3","orderableid":"4cb2f620-27e2-4506-b44b-328a10bf54ca","maxperiodsofstock":"3","minperiodsofstock":"1.5","emergencyorderpoint":"1"},{"id":"94e7134a-076f-49dc-9b3c-672553b8b4e0","facilitytypeid":"ac1d268b-ce10-455f-bf87-9c667da8f060","programid":"dce17f2e-af3e-40ad-8e00-3496adef44c3","orderableid":"66c57fb6-5bb4-466e-8159-c0a41eb08137","maxperiodsofstock":"3","minperiodsofstock":"1.5","emergencyorderpoint":"1"},{"id":"f691c323-e152-459a-ba64-15c23e34dedd","facilitytypeid":"663b1d34-cc17-4d60-9619-e553e45aa441","programid":"10845cb9-d365-4aaa-badd-b4fa39c6a26a","orderableid":"2400e410-b8dd-4954-b1c0-80d8a8e785fc","maxperiodsofstock":"3","minperiodsofstock":"1.5","emergencyorderpoint":"1"},{"id":"43f407db-29b8-4525-baaa-e1cd6844093f","facilitytypeid":"663b1d34-cc17-4d60-9619-e553e45aa441","programid":"10845cb9-d365-4aaa-badd-b4fa39c6a26a","orderableid":"bac90734-6e58-426e-849b-331286ec77d2","maxperiodsofstock":"3","minperiodsofstock":"1.5","emergencyorderpoint":"1"}]'));
INSERT INTO referencedata.right_assignments (id, rightname, facilityid, programid, userid) VALUES ('e4ce712c-e0f9-4d01-a831-e2bfada91652', 'REQUISITION_CREATE', '7938919f-6f61-4d1a-a4dc-923c31e9cd45', '10845cb9-d365-4aaa-badd-b4fa39c6a26a', 'c54df462-66d8-4a02-bee9-b786fe2f30ee');
INSERT INTO referencedata.right_assignments (id, rightname, facilityid, programid, userid) VALUES ('7006a186-ddac-45cc-9bb3-1abd6fafaecf', 'REQUISITION_DELETE', '13037147-1769-4735-90a7-b9b310d128b8', 'dce17f2e-af3e-40ad-8e00-3496adef44c3', '9b2778af-5372-4410-a5c8-899e7f74296b');
INSERT INTO referencedata.right_assignments (id, rightname, facilityid, programid, userid) VALUES ('29323a81-f757-4899-8f11-d70532655581', 'STOCK_CARD_TEMPLATES_MANAGE', NULL, NULL, '35316636-6264-6331-2d34-3933322d3462');
INSERT INTO referencedata.right_assignments (id, rightname, facilityid, programid, userid) VALUES ('75b42a1e-63f4-41f3-9f83-542590e5813e', 'REQUISITION_APPROVE', '7938919f-6f61-4d1a-a4dc-923c31e9cd45', 'dce17f2e-af3e-40ad-8e00-3496adef44c3', 'a337ec45-31a0-4f2b-9b2e-a105c4b669bb');
INSERT INTO referencedata.right_assignments (id, rightname, facilityid, programid, userid) VALUES ('887ab9a8-af7d-436c-880f-95bbe6d1a1b7', 'PROCESSING_SCHEDULES_MANAGE', NULL, NULL, '35316636-6264-6331-2d34-3933322d3462');
INSERT INTO referencedata.right_assignments (id, rightname, facilityid, programid, userid) VALUES ('f937fa14-89f4-4d88-b87a-4fdd9283f124', 'GEOGRAPHIC_ZONES_MANAGE', NULL, NULL, '35316636-6264-6331-2d34-3933322d3462');
INSERT INTO referencedata.right_assignments (id, rightname, facilityid, programid, userid) VALUES ('6c2f5a18-9850-4983-ad75-6782fd667309', 'PODS_MANAGE', '9318b2ea-9ae0-42b2-a7e1-353683f54000', NULL, '476415b1-ca81-4561-a3b7-fa3d08434800');
INSERT INTO referencedata.right_assignments (id, rightname, facilityid, programid, userid) VALUES ('c33e93b1-82dc-495b-86a2-7149b85c2757', 'REQUISITION_VIEW', 'e6799d64-d10d-4011-b8c2-0e4d4a3f65ce', '10845cb9-d365-4aaa-badd-b4fa39c6a26a', 'a337ec45-31a0-4f2b-9b2e-a105c4b669bb');
INSERT INTO referencedata.right_assignments (id, rightname, facilityid, programid, userid) VALUES ('b123f976-f0fa-4b0d-8c10-dbb0f32d65cd', 'REQUISITION_AUTHORIZE', 'e6799d64-d10d-4011-b8c2-0e4d4a3f65ce', '10845cb9-d365-4aaa-badd-b4fa39c6a26a', '9b2778af-5372-4410-a5c8-899e7f74296b');
INSERT INTO referencedata.right_assignments (id, rightname, facilityid, programid, userid) VALUES ('f017d823-1839-4d7e-bc55-46fba9f0d922', 'REQUISITION_APPROVE', '5b39f0fb-5c47-4551-b983-1e30ac6df65d', '10845cb9-d365-4aaa-badd-b4fa39c6a26a', '573cf089-dfff-4273-b353-d94058164e55');
INSERT INTO referencedata.right_assignments (id, rightname, facilityid, programid, userid) VALUES ('a7a7f203-2af9-4700-9c8b-6867bc072be6', 'REQUISITION_AUTHORIZE', '7938919f-6f61-4d1a-a4dc-923c31e9cd45', 'dce17f2e-af3e-40ad-8e00-3496adef44c3', 'a337ec45-31a0-4f2b-9b2e-a105c4b669bb');
INSERT INTO referencedata.right_assignments (id, rightname, facilityid, programid, userid) VALUES ('9a7ea0f9-0ec3-44be-aa47-290cf41cae7b', 'REQUISITION_AUTHORIZE', '7938919f-6f61-4d1a-a4dc-923c31e9cd45', '10845cb9-d365-4aaa-badd-b4fa39c6a26a', 'a337ec45-31a0-4f2b-9b2e-a105c4b669bb');
INSERT INTO referencedata.right_assignments (id, rightname, facilityid, programid, userid) VALUES ('18dc5475-ec1f-415f-99d9-47f693ff2f3b', 'REQUISITION_AUTHORIZE', '13037147-1769-4735-90a7-b9b310d128b8', 'dce17f2e-af3e-40ad-8e00-3496adef44c3', '9b2778af-5372-4410-a5c8-899e7f74296b');
INSERT INTO referencedata.right_assignments (id, rightname, facilityid, programid, userid) VALUES ('cc60505c-d81b-42b8-a05f-f0a9276b6244', 'USER_ROLES_MANAGE', NULL, NULL, 'a337ec45-31a0-4f2b-9b2e-a105c4b669bb');
INSERT INTO referencedata.right_assignments (id, rightname, facilityid, programid, userid) VALUES ('03084054-64e5-4801-bad5-b376a6e7b9de', 'REQUISITION_APPROVE', '13037147-1769-4735-90a7-b9b310d128b8', 'dce17f2e-af3e-40ad-8e00-3496adef44c3', '2bb552b3-0324-42ef-bb21-c5cc74a38592');
INSERT INTO referencedata.right_assignments (id, rightname, facilityid, programid, userid) VALUES ('14430c78-baf1-4580-9ce0-d27de15dc2c2', 'REQUISITION_VIEW', '9318b2ea-9ae0-42b2-a7e1-353683f54000', NULL, 'a337ec45-31a0-4f2b-9b2e-a105c4b669bb');
INSERT INTO referencedata.right_assignments (id, rightname, facilityid, programid, userid) VALUES ('44334701-c21e-4fc9-b88a-5f7d8d902802', 'REQUISITION_DELETE', 'e6799d64-d10d-4011-b8c2-0e4d4a3f65ce', '10845cb9-d365-4aaa-badd-b4fa39c6a26a', 'f72bf4ee-eb86-4bfd-be88-4f481f4e2fe0');
INSERT INTO referencedata.right_assignments (id, rightname, facilityid, programid, userid) VALUES ('80495882-d583-4521-9455-7bd4dfac3239', 'STOCK_EVENT_CREATE', '7938919f-6f61-4d1a-a4dc-923c31e9cd45', '10845cb9-d365-4aaa-badd-b4fa39c6a26a', 'c54df462-66d8-4a02-bee9-b786fe2f30ee');
INSERT INTO referencedata.right_assignments (id, rightname, facilityid, programid, userid) VALUES ('b06bb37c-dae2-4671-8d84-9a3c184d6dba', 'REQUISITION_DELETE', '176c4276-1fb1-4507-8ad2-cdfba0f47445', 'dce17f2e-af3e-40ad-8e00-3496adef44c3', '9b2778af-5372-4410-a5c8-899e7f74296b');
INSERT INTO referencedata.right_assignments (id, rightname, facilityid, programid, userid) VALUES ('0134f038-cecc-45b8-9dc1-101d08d548ce', 'ORDERS_VIEW', '19121381-9f3d-4e77-b9e5-d3f59fc1639e', NULL, 'a337ec45-31a0-4f2b-9b2e-a105c4b669bb');
INSERT INTO referencedata.right_assignments (id, rightname, facilityid, programid, userid) VALUES ('13b14b04-a31e-42da-8655-a606f0448294', 'ORDERS_VIEW', '19121381-9f3d-4e77-b9e5-d3f59fc1639e', NULL, '247b366d-f8ab-4226-9ae9-a188d5ee8e22');
INSERT INTO referencedata.right_assignments (id, rightname, facilityid, programid, userid) VALUES ('eeff635a-a135-4133-99f0-c98a4c40fd50', 'REQUISITION_APPROVE', '7938919f-6f61-4d1a-a4dc-923c31e9cd45', '10845cb9-d365-4aaa-badd-b4fa39c6a26a', '573cf089-dfff-4273-b353-d94058164e55');
INSERT INTO referencedata.right_assignments (id, rightname, facilityid, programid, userid) VALUES ('35ac3bd0-7a93-47e7-ac28-4be8b225fdaf', 'ORDERS_EDIT', '19121381-9f3d-4e77-b9e5-d3f59fc1639e', NULL, '247b366d-f8ab-4226-9ae9-a188d5ee8e22');
INSERT INTO referencedata.right_assignments (id, rightname, facilityid, programid, userid) VALUES ('f9a4f446-8c41-44e9-bae1-aba16a44ef62', 'REQUISITION_CREATE', 'e6799d64-d10d-4011-b8c2-0e4d4a3f65ce', '10845cb9-d365-4aaa-badd-b4fa39c6a26a', 'a337ec45-31a0-4f2b-9b2e-a105c4b669bb');
INSERT INTO referencedata.right_assignments (id, rightname, facilityid, programid, userid) VALUES ('75b6898f-31d1-4084-9cbb-66c126b466aa', 'STOCK_EVENT_CREATE', 'e6799d64-d10d-4011-b8c2-0e4d4a3f65ce', '10845cb9-d365-4aaa-badd-b4fa39c6a26a', 'a337ec45-31a0-4f2b-9b2e-a105c4b669bb');
INSERT INTO referencedata.right_assignments (id, rightname, facilityid, programid, userid) VALUES ('1e379d2c-e284-4fec-8c9a-f0d5e9fd1e5d', 'REQUISITION_DELETE', 'e6799d64-d10d-4011-b8c2-0e4d4a3f65ce', 'dce17f2e-af3e-40ad-8e00-3496adef44c3', 'f72bf4ee-eb86-4bfd-be88-4f481f4e2fe0');
INSERT INTO referencedata.right_assignments (id, rightname, facilityid, programid, userid) VALUES ('65cd45cf-7e61-4e79-ae8a-c7babdbe1c9a', 'REQUISITION_AUTHORIZE', '176c4276-1fb1-4507-8ad2-cdfba0f47445', 'dce17f2e-af3e-40ad-8e00-3496adef44c3', '2bb552b3-0324-42ef-bb21-c5cc74a38592');
INSERT INTO referencedata.right_assignments (id, rightname, facilityid, programid, userid) VALUES ('265361f5-bfca-44b1-b61b-9d6480bd0066', 'REQUISITION_VIEW', 'e6799d64-d10d-4011-b8c2-0e4d4a3f65ce', '10845cb9-d365-4aaa-badd-b4fa39c6a26a', 'f72bf4ee-eb86-4bfd-be88-4f481f4e2fe0');
INSERT INTO referencedata.right_assignments (id, rightname, facilityid, programid, userid) VALUES ('b95229c6-e5cb-43e7-b062-b64934315350', 'REQUISITION_VIEW', '13037147-1769-4735-90a7-b9b310d128b8', '10845cb9-d365-4aaa-badd-b4fa39c6a26a', '573cf089-dfff-4273-b353-d94058164e55');
INSERT INTO referencedata.right_assignments (id, rightname, facilityid, programid, userid) VALUES ('0ad18049-05a7-41d0-b33a-0871dbbbd69a', 'REQUISITION_APPROVE', '13037147-1769-4735-90a7-b9b310d128b8', '10845cb9-d365-4aaa-badd-b4fa39c6a26a', 'a337ec45-31a0-4f2b-9b2e-a105c4b669bb');
INSERT INTO referencedata.right_assignments (id, rightname, facilityid, programid, userid) VALUES ('1f3c2abb-5d67-4ca8-9189-85ce76a45828', 'REQUISITION_DELETE', 'e6799d64-d10d-4011-b8c2-0e4d4a3f65ce', '10845cb9-d365-4aaa-badd-b4fa39c6a26a', '9b2778af-5372-4410-a5c8-899e7f74296b');
INSERT INTO referencedata.right_assignments (id, rightname, facilityid, programid, userid) VALUES ('584fa6c1-0c03-4670-b2bb-ebe623c51814', 'STOCK_EVENT_CREATE', 'e6799d64-d10d-4011-b8c2-0e4d4a3f65ce', 'dce17f2e-af3e-40ad-8e00-3496adef44c3', 'a337ec45-31a0-4f2b-9b2e-a105c4b669bb');
INSERT INTO referencedata.right_assignments (id, rightname, facilityid, programid, userid) VALUES ('c27e2fe0-8d08-40bf-a632-2df939ee8323', 'REQUISITION_VIEW', '13037147-1769-4735-90a7-b9b310d128b8', 'dce17f2e-af3e-40ad-8e00-3496adef44c3', 'a337ec45-31a0-4f2b-9b2e-a105c4b669bb');
INSERT INTO referencedata.right_assignments (id, rightname, facilityid, programid, userid) VALUES ('107b6a4e-98c2-4a61-ad7b-0889fc9c0fe3', 'SYSTEM_SETTINGS_MANAGE', NULL, NULL, '35316636-6264-6331-2d34-3933322d3462');
INSERT INTO referencedata.right_assignments (id, rightname, facilityid, programid, userid) VALUES ('194c6d76-4f49-42c1-80cb-f3a27b8d39f7', 'REQUISITION_APPROVE', '176c4276-1fb1-4507-8ad2-cdfba0f47445', 'dce17f2e-af3e-40ad-8e00-3496adef44c3', '2bb552b3-0324-42ef-bb21-c5cc74a38592');
INSERT INTO referencedata.right_assignments (id, rightname, facilityid, programid, userid) VALUES ('b90e6879-e11b-4bfe-b0f5-031665b6e55e', 'PODS_MANAGE', '7938919f-6f61-4d1a-a4dc-923c31e9cd45', 'dce17f2e-af3e-40ad-8e00-3496adef44c3', 'c54df462-66d8-4a02-bee9-b786fe2f30ee');
INSERT INTO referencedata.right_assignments (id, rightname, facilityid, programid, userid) VALUES ('3dd2814f-deb6-4e2d-a822-e4f3cf857702', 'REQUISITION_APPROVE', 'e6799d64-d10d-4011-b8c2-0e4d4a3f65ce', '10845cb9-d365-4aaa-badd-b4fa39c6a26a', 'a337ec45-31a0-4f2b-9b2e-a105c4b669bb');
INSERT INTO referencedata.right_assignments (id, rightname, facilityid, programid, userid) VALUES ('2d9bd836-9570-4137-8e28-f4ed091271fd', 'REQUISITION_AUTHORIZE', '7938919f-6f61-4d1a-a4dc-923c31e9cd45', 'dce17f2e-af3e-40ad-8e00-3496adef44c3', '469c6e1c-aab7-4640-8925-f3c34bbe752d');
INSERT INTO referencedata.right_assignments (id, rightname, facilityid, programid, userid) VALUES ('9dca9d2f-3bfe-4d62-ab1e-e1025d323086', 'REQUISITION_APPROVE', 'e6799d64-d10d-4011-b8c2-0e4d4a3f65ce', 'dce17f2e-af3e-40ad-8e00-3496adef44c3', 'a337ec45-31a0-4f2b-9b2e-a105c4b669bb');
INSERT INTO referencedata.right_assignments (id, rightname, facilityid, programid, userid) VALUES ('e581f46d-98e6-424d-a6ef-1e68795115d5', 'REQUISITION_VIEW', '7938919f-6f61-4d1a-a4dc-923c31e9cd45', 'dce17f2e-af3e-40ad-8e00-3496adef44c3', '573cf089-dfff-4273-b353-d94058164e55');
INSERT INTO referencedata.right_assignments (id, rightname, facilityid, programid, userid) VALUES ('87bf983b-1799-4370-8ee3-11dacc4bfc29', 'REQUISITION_CREATE', 'e6799d64-d10d-4011-b8c2-0e4d4a3f65ce', 'dce17f2e-af3e-40ad-8e00-3496adef44c3', 'f72bf4ee-eb86-4bfd-be88-4f481f4e2fe0');
INSERT INTO referencedata.right_assignments (id, rightname, facilityid, programid, userid) VALUES ('1ec59921-624d-4b3b-97cd-1a3aa23c597a', 'PODS_MANAGE', '19121381-9f3d-4e77-b9e5-d3f59fc1639e', NULL, 'a337ec45-31a0-4f2b-9b2e-a105c4b669bb');
INSERT INTO referencedata.right_assignments (id, rightname, facilityid, programid, userid) VALUES ('fb8ed211-779d-450c-95cf-3f985515b7c8', 'ORDERS_EDIT', '19121381-9f3d-4e77-b9e5-d3f59fc1639e', NULL, 'a337ec45-31a0-4f2b-9b2e-a105c4b669bb');
INSERT INTO referencedata.right_assignments (id, rightname, facilityid, programid, userid) VALUES ('b892da89-4c5b-4309-8cb5-4a34fc152cb7', 'USER_ROLES_MANAGE', NULL, NULL, '35316636-6264-6331-2d34-3933322d3462');
INSERT INTO referencedata.right_assignments (id, rightname, facilityid, programid, userid) VALUES ('7542381a-5e8a-4eab-851b-4fcec6aaa9bd', 'REPORTS_VIEW', NULL, NULL, 'a337ec45-31a0-4f2b-9b2e-a105c4b669bb');
INSERT INTO referencedata.right_assignments (id, rightname, facilityid, programid, userid) VALUES ('a5c035f8-9242-45cf-9739-9bb36549efa5', 'REQUISITION_AUTHORIZE', '13037147-1769-4735-90a7-b9b310d128b8', '10845cb9-d365-4aaa-badd-b4fa39c6a26a', 'a337ec45-31a0-4f2b-9b2e-a105c4b669bb');
INSERT INTO referencedata.right_assignments (id, rightname, facilityid, programid, userid) VALUES ('3f5ef736-cfb7-4c2c-a74c-9f46e3d000e2', 'REQUISITION_AUTHORIZE', '176c4276-1fb1-4507-8ad2-cdfba0f47445', 'dce17f2e-af3e-40ad-8e00-3496adef44c3', 'a337ec45-31a0-4f2b-9b2e-a105c4b669bb');
INSERT INTO referencedata.right_assignments (id, rightname, facilityid, programid, userid) VALUES ('63916807-ea0a-4539-a8ea-488aed34afba', 'REPORT_TEMPLATES_EDIT', NULL, NULL, 'a337ec45-31a0-4f2b-9b2e-a105c4b669bb');
INSERT INTO referencedata.right_assignments (id, rightname, facilityid, programid, userid) VALUES ('367ba7d4-fa49-4e7f-8b16-1781aa061052', 'REQUISITION_VIEW', 'e6799d64-d10d-4011-b8c2-0e4d4a3f65ce', 'dce17f2e-af3e-40ad-8e00-3496adef44c3', '9b2778af-5372-4410-a5c8-899e7f74296b');
INSERT INTO referencedata.right_assignments (id, rightname, facilityid, programid, userid) VALUES ('80fe5735-5390-4dcc-928c-06433a853d78', 'REQUISITION_CREATE', '176c4276-1fb1-4507-8ad2-cdfba0f47445', 'dce17f2e-af3e-40ad-8e00-3496adef44c3', 'a337ec45-31a0-4f2b-9b2e-a105c4b669bb');
INSERT INTO referencedata.right_assignments (id, rightname, facilityid, programid, userid) VALUES ('ca7b901f-085f-4512-8fad-12c9b16fd4c0', 'REQUISITION_CREATE', '176c4276-1fb1-4507-8ad2-cdfba0f47445', 'dce17f2e-af3e-40ad-8e00-3496adef44c3', 'c994d1ea-47f7-435d-9d4d-42fb54197698');
INSERT INTO referencedata.right_assignments (id, rightname, facilityid, programid, userid) VALUES ('586853da-2c1b-4418-bc93-fd56772a699e', 'REQUISITION_VIEW', '9318b2ea-9ae0-42b2-a7e1-353683f54000', NULL, '476415b1-ca81-4561-a3b7-fa3d08434800');
INSERT INTO referencedata.right_assignments (id, rightname, facilityid, programid, userid) VALUES ('2b76bf44-2195-42a4-837f-bcc889b3fb53', 'REQUISITION_VIEW', '5b39f0fb-5c47-4551-b983-1e30ac6df65d', '10845cb9-d365-4aaa-badd-b4fa39c6a26a', 'a337ec45-31a0-4f2b-9b2e-a105c4b669bb');
INSERT INTO referencedata.right_assignments (id, rightname, facilityid, programid, userid) VALUES ('52840273-7239-4806-af2b-e25a48b4ddac', 'REQUISITION_CREATE', '5b39f0fb-5c47-4551-b983-1e30ac6df65d', '10845cb9-d365-4aaa-badd-b4fa39c6a26a', '7d6c0269-0c6a-4c9a-a098-46de276b9d26');
INSERT INTO referencedata.right_assignments (id, rightname, facilityid, programid, userid) VALUES ('98c390cb-b6e9-4428-aed8-a5b8ecf8745a', 'REQUISITION_VIEW', '176c4276-1fb1-4507-8ad2-cdfba0f47445', 'dce17f2e-af3e-40ad-8e00-3496adef44c3', '9b2778af-5372-4410-a5c8-899e7f74296b');
INSERT INTO referencedata.right_assignments (id, rightname, facilityid, programid, userid) VALUES ('8a834b3b-bdd1-4ca7-8b85-8878d0eed3e4', 'STOCK_EVENT_CREATE', 'e6799d64-d10d-4011-b8c2-0e4d4a3f65ce', '10845cb9-d365-4aaa-badd-b4fa39c6a26a', 'f72bf4ee-eb86-4bfd-be88-4f481f4e2fe0');
INSERT INTO referencedata.right_assignments (id, rightname, facilityid, programid, userid) VALUES ('9d854580-4468-41bd-be34-a28558692800', 'PODS_MANAGE', '5b39f0fb-5c47-4551-b983-1e30ac6df65d', '10845cb9-d365-4aaa-badd-b4fa39c6a26a', '7d6c0269-0c6a-4c9a-a098-46de276b9d26');
INSERT INTO referencedata.right_assignments (id, rightname, facilityid, programid, userid) VALUES ('700fd9bb-e267-4b18-b985-0dbb91d8049a', 'PODS_MANAGE', '19121381-9f3d-4e77-b9e5-d3f59fc1639e', NULL, '247b366d-f8ab-4226-9ae9-a188d5ee8e22');
INSERT INTO referencedata.right_assignments (id, rightname, facilityid, programid, userid) VALUES ('e7093281-ef0f-4691-9a05-43e06a1535d6', 'REQUISITION_CREATE', 'e6799d64-d10d-4011-b8c2-0e4d4a3f65ce', '10845cb9-d365-4aaa-badd-b4fa39c6a26a', 'f72bf4ee-eb86-4bfd-be88-4f481f4e2fe0');
INSERT INTO referencedata.right_assignments (id, rightname, facilityid, programid, userid) VALUES ('4f25314c-5e42-40d9-887f-08751c19d604', 'REQUISITION_AUTHORIZE', '5b39f0fb-5c47-4551-b983-1e30ac6df65d', '10845cb9-d365-4aaa-badd-b4fa39c6a26a', 'a337ec45-31a0-4f2b-9b2e-a105c4b669bb');
INSERT INTO referencedata.right_assignments (id, rightname, facilityid, programid, userid) VALUES ('296d0622-1a00-406d-b533-b8f3bee50a24', 'REQUISITION_VIEW', '176c4276-1fb1-4507-8ad2-cdfba0f47445', 'dce17f2e-af3e-40ad-8e00-3496adef44c3', '2bb552b3-0324-42ef-bb21-c5cc74a38592');
INSERT INTO referencedata.right_assignments (id, rightname, facilityid, programid, userid) VALUES ('f924210e-b1a5-47bb-b6bf-851d4811570d', 'REQUISITION_CREATE', '13037147-1769-4735-90a7-b9b310d128b8', 'dce17f2e-af3e-40ad-8e00-3496adef44c3', 'a337ec45-31a0-4f2b-9b2e-a105c4b669bb');
INSERT INTO referencedata.right_assignments (id, rightname, facilityid, programid, userid) VALUES ('d92b1dc2-5598-4b8d-acd3-15564e6f8975', 'REQUISITION_CREATE', '13037147-1769-4735-90a7-b9b310d128b8', '10845cb9-d365-4aaa-badd-b4fa39c6a26a', 'a337ec45-31a0-4f2b-9b2e-a105c4b669bb');
INSERT INTO referencedata.right_assignments (id, rightname, facilityid, programid, userid) VALUES ('ac7b2dd9-59e1-41cc-ab56-71bcb038e9e0', 'REQUISITION_AUTHORIZE', 'e6799d64-d10d-4011-b8c2-0e4d4a3f65ce', '10845cb9-d365-4aaa-badd-b4fa39c6a26a', 'a337ec45-31a0-4f2b-9b2e-a105c4b669bb');
INSERT INTO referencedata.right_assignments (id, rightname, facilityid, programid, userid) VALUES ('6284326c-d12a-4a03-aab3-0e1a1de916fe', 'PODS_MANAGE', 'e6799d64-d10d-4011-b8c2-0e4d4a3f65ce', '10845cb9-d365-4aaa-badd-b4fa39c6a26a', 'f72bf4ee-eb86-4bfd-be88-4f481f4e2fe0');
INSERT INTO referencedata.right_assignments (id, rightname, facilityid, programid, userid) VALUES ('be81417b-e0c9-4b69-94a1-c9dc90af2b2d', 'PODS_MANAGE', '9318b2ea-9ae0-42b2-a7e1-353683f54000', NULL, 'a337ec45-31a0-4f2b-9b2e-a105c4b669bb');
INSERT INTO referencedata.right_assignments (id, rightname, facilityid, programid, userid) VALUES ('3644d7fd-98f4-4894-8a66-ba075526657e', 'REQUISITION_GROUPS_MANAGE', NULL, NULL, 'a337ec45-31a0-4f2b-9b2e-a105c4b669bb');
INSERT INTO referencedata.right_assignments (id, rightname, facilityid, programid, userid) VALUES ('175d8e75-84e3-4cc2-aaf9-9ed245cc4ab1', 'REQUISITION_AUTHORIZE', 'e6799d64-d10d-4011-b8c2-0e4d4a3f65ce', 'dce17f2e-af3e-40ad-8e00-3496adef44c3', '9b2778af-5372-4410-a5c8-899e7f74296b');
INSERT INTO referencedata.right_assignments (id, rightname, facilityid, programid, userid) VALUES ('7d66166c-2e80-44e6-a95c-bd9e3c517773', 'REQUISITION_CREATE', 'e6799d64-d10d-4011-b8c2-0e4d4a3f65ce', 'dce17f2e-af3e-40ad-8e00-3496adef44c3', 'a337ec45-31a0-4f2b-9b2e-a105c4b669bb');
INSERT INTO referencedata.right_assignments (id, rightname, facilityid, programid, userid) VALUES ('1e82dce4-3982-4558-b2bf-be2bf741f017', 'ORDERS_EDIT', '9318b2ea-9ae0-42b2-a7e1-353683f54000', NULL, 'a337ec45-31a0-4f2b-9b2e-a105c4b669bb');
INSERT INTO referencedata.right_assignments (id, rightname, facilityid, programid, userid) VALUES ('8f8ccc6c-d3fd-4813-8ecc-b6d25117a52a', 'PODS_MANAGE', '176c4276-1fb1-4507-8ad2-cdfba0f47445', 'dce17f2e-af3e-40ad-8e00-3496adef44c3', 'c994d1ea-47f7-435d-9d4d-42fb54197698');
INSERT INTO referencedata.right_assignments (id, rightname, facilityid, programid, userid) VALUES ('25930b41-fc87-486b-8401-01abd5eb6a20', 'REQUISITION_APPROVE', '13037147-1769-4735-90a7-b9b310d128b8', 'dce17f2e-af3e-40ad-8e00-3496adef44c3', 'a337ec45-31a0-4f2b-9b2e-a105c4b669bb');
INSERT INTO referencedata.right_assignments (id, rightname, facilityid, programid, userid) VALUES ('c2f94549-8eb1-4829-a762-e0310c8e316e', 'REQUISITION_VIEW', '7938919f-6f61-4d1a-a4dc-923c31e9cd45', 'dce17f2e-af3e-40ad-8e00-3496adef44c3', 'a337ec45-31a0-4f2b-9b2e-a105c4b669bb');
INSERT INTO referencedata.right_assignments (id, rightname, facilityid, programid, userid) VALUES ('5af28af9-9382-4ff5-af21-a4777b4aeddb', 'STOCK_EVENT_CREATE', '7938919f-6f61-4d1a-a4dc-923c31e9cd45', 'dce17f2e-af3e-40ad-8e00-3496adef44c3', 'c54df462-66d8-4a02-bee9-b786fe2f30ee');
INSERT INTO referencedata.right_assignments (id, rightname, facilityid, programid, userid) VALUES ('4c893049-4c88-41d1-afdf-01a7a3ee9ba2', 'REQUISITION_VIEW', '13037147-1769-4735-90a7-b9b310d128b8', '10845cb9-d365-4aaa-badd-b4fa39c6a26a', 'a337ec45-31a0-4f2b-9b2e-a105c4b669bb');
INSERT INTO referencedata.right_assignments (id, rightname, facilityid, programid, userid) VALUES ('d4e551b2-0be4-4897-87ce-a714c0a6bf57', 'PODS_MANAGE', 'e6799d64-d10d-4011-b8c2-0e4d4a3f65ce', '10845cb9-d365-4aaa-badd-b4fa39c6a26a', 'a337ec45-31a0-4f2b-9b2e-a105c4b669bb');
INSERT INTO referencedata.right_assignments (id, rightname, facilityid, programid, userid) VALUES ('cc701070-b69b-4b71-a32a-0a6db905b79d', 'REQUISITION_VIEW', '176c4276-1fb1-4507-8ad2-cdfba0f47445', 'dce17f2e-af3e-40ad-8e00-3496adef44c3', 'c994d1ea-47f7-435d-9d4d-42fb54197698');
INSERT INTO referencedata.right_assignments (id, rightname, facilityid, programid, userid) VALUES ('efa160fa-0ffa-412b-a56f-e1556495e9e0', 'REQUISITION_VIEW', '19121381-9f3d-4e77-b9e5-d3f59fc1639e', NULL, '247b366d-f8ab-4226-9ae9-a188d5ee8e22');
INSERT INTO referencedata.right_assignments (id, rightname, facilityid, programid, userid) VALUES ('af064138-5f11-4fad-9d3d-b300c9158be1', 'REQUISITION_DELETE', '7938919f-6f61-4d1a-a4dc-923c31e9cd45', 'dce17f2e-af3e-40ad-8e00-3496adef44c3', '9b2778af-5372-4410-a5c8-899e7f74296b');
INSERT INTO referencedata.right_assignments (id, rightname, facilityid, programid, userid) VALUES ('4e2f2f18-88fb-4ab2-9018-a688bd591b13', 'USERS_MANAGE', NULL, NULL, '35316636-6264-6331-2d34-3933322d3462');
INSERT INTO referencedata.right_assignments (id, rightname, facilityid, programid, userid) VALUES ('55dc216e-793a-483f-8ed1-d10152085178', 'REQUISITION_VIEW', '7938919f-6f61-4d1a-a4dc-923c31e9cd45', 'dce17f2e-af3e-40ad-8e00-3496adef44c3', '2bb552b3-0324-42ef-bb21-c5cc74a38592');
INSERT INTO referencedata.right_assignments (id, rightname, facilityid, programid, userid) VALUES ('3d3822c8-b01d-4bef-928b-a4bde1f4021d', 'REQUISITION_CREATE', '7938919f-6f61-4d1a-a4dc-923c31e9cd45', '10845cb9-d365-4aaa-badd-b4fa39c6a26a', 'a337ec45-31a0-4f2b-9b2e-a105c4b669bb');
INSERT INTO referencedata.right_assignments (id, rightname, facilityid, programid, userid) VALUES ('378f9001-d805-4bb8-8a7b-cef49a22d441', 'SYSTEM_SETTINGS_MANAGE', NULL, NULL, 'a337ec45-31a0-4f2b-9b2e-a105c4b669bb');
INSERT INTO referencedata.right_assignments (id, rightname, facilityid, programid, userid) VALUES ('c39ddcfa-d0b0-43ec-9cf8-5d16ffab661f', 'REQUISITION_DELETE', '5b39f0fb-5c47-4551-b983-1e30ac6df65d', '10845cb9-d365-4aaa-badd-b4fa39c6a26a', '2fbe9be3-f5e4-47ec-a10a-f3380c0daf75');
INSERT INTO referencedata.right_assignments (id, rightname, facilityid, programid, userid) VALUES ('d72a8a3a-c28b-43ce-9b69-7901e643c4a7', 'REQUISITION_VIEW', '13037147-1769-4735-90a7-b9b310d128b8', 'dce17f2e-af3e-40ad-8e00-3496adef44c3', '9b2778af-5372-4410-a5c8-899e7f74296b');
INSERT INTO referencedata.right_assignments (id, rightname, facilityid, programid, userid) VALUES ('f5e13896-d205-4c1b-b090-f06fcbfdb23f', 'REQUISITION_VIEW', '7938919f-6f61-4d1a-a4dc-923c31e9cd45', 'dce17f2e-af3e-40ad-8e00-3496adef44c3', '9b2778af-5372-4410-a5c8-899e7f74296b');
INSERT INTO referencedata.right_assignments (id, rightname, facilityid, programid, userid) VALUES ('2562587b-f864-442e-9cc4-d7b1d00755dd', 'REQUISITION_VIEW', '176c4276-1fb1-4507-8ad2-cdfba0f47445', 'dce17f2e-af3e-40ad-8e00-3496adef44c3', 'a337ec45-31a0-4f2b-9b2e-a105c4b669bb');
INSERT INTO referencedata.right_assignments (id, rightname, facilityid, programid, userid) VALUES ('874c9c39-8c7f-4a6d-a735-88b20d54f7cf', 'REQUISITION_AUTHORIZE', '13037147-1769-4735-90a7-b9b310d128b8', 'dce17f2e-af3e-40ad-8e00-3496adef44c3', '2bb552b3-0324-42ef-bb21-c5cc74a38592');
INSERT INTO referencedata.right_assignments (id, rightname, facilityid, programid, userid) VALUES ('9cbde36f-e4e4-46e9-b51c-28c0276964e2', 'REQUISITION_AUTHORIZE', '176c4276-1fb1-4507-8ad2-cdfba0f47445', 'dce17f2e-af3e-40ad-8e00-3496adef44c3', 'cb5cd52f-f205-475d-8763-90852839424d');
INSERT INTO referencedata.right_assignments (id, rightname, facilityid, programid, userid) VALUES ('8e1122ff-fbda-4550-8ffc-bf1991c8e6b2', 'FACILITIES_MANAGE', NULL, NULL, '35316636-6264-6331-2d34-3933322d3462');
INSERT INTO referencedata.right_assignments (id, rightname, facilityid, programid, userid) VALUES ('61316c4b-33e6-4be2-a0eb-15c6be5e0b78', 'REQUISITION_VIEW', '5b39f0fb-5c47-4551-b983-1e30ac6df65d', '10845cb9-d365-4aaa-badd-b4fa39c6a26a', '573cf089-dfff-4273-b353-d94058164e55');
INSERT INTO referencedata.right_assignments (id, rightname, facilityid, programid, userid) VALUES ('1f670fa8-d33d-45e9-b186-ca1c1d57ea20', 'REQUISITION_VIEW', 'e6799d64-d10d-4011-b8c2-0e4d4a3f65ce', 'dce17f2e-af3e-40ad-8e00-3496adef44c3', '2bb552b3-0324-42ef-bb21-c5cc74a38592');
INSERT INTO referencedata.right_assignments (id, rightname, facilityid, programid, userid) VALUES ('05dc6d42-9255-4267-8b5e-b2f2190ee4a1', 'REQUISITION_GROUPS_MANAGE', NULL, NULL, '35316636-6264-6331-2d34-3933322d3462');
INSERT INTO referencedata.right_assignments (id, rightname, facilityid, programid, userid) VALUES ('05634dd9-9beb-4622-9d1b-b6ab8ceb3dc6', 'REQUISITION_APPROVE', 'e6799d64-d10d-4011-b8c2-0e4d4a3f65ce', 'dce17f2e-af3e-40ad-8e00-3496adef44c3', '2bb552b3-0324-42ef-bb21-c5cc74a38592');
INSERT INTO referencedata.right_assignments (id, rightname, facilityid, programid, userid) VALUES ('dc89671d-37b5-4451-a8be-25bb7f0fc7a6', 'REQUISITION_CREATE', '13037147-1769-4735-90a7-b9b310d128b8', 'dce17f2e-af3e-40ad-8e00-3496adef44c3', '2bb552b3-0324-42ef-bb21-c5cc74a38592');
INSERT INTO referencedata.right_assignments (id, rightname, facilityid, programid, userid) VALUES ('8ad9a2f4-3bf9-479f-88eb-d861632e1b8a', 'REQUISITION_VIEW', 'e6799d64-d10d-4011-b8c2-0e4d4a3f65ce', '10845cb9-d365-4aaa-badd-b4fa39c6a26a', '9b2778af-5372-4410-a5c8-899e7f74296b');
INSERT INTO referencedata.right_assignments (id, rightname, facilityid, programid, userid) VALUES ('658ba449-1a71-4071-9fa4-b2c2130f59c0', 'REQUISITION_DELETE', 'e6799d64-d10d-4011-b8c2-0e4d4a3f65ce', 'dce17f2e-af3e-40ad-8e00-3496adef44c3', 'a337ec45-31a0-4f2b-9b2e-a105c4b669bb');
INSERT INTO referencedata.right_assignments (id, rightname, facilityid, programid, userid) VALUES ('38dfc952-81d0-4d78-869b-dc164003ccb1', 'REQUISITION_AUTHORIZE', '7938919f-6f61-4d1a-a4dc-923c31e9cd45', 'dce17f2e-af3e-40ad-8e00-3496adef44c3', '9b2778af-5372-4410-a5c8-899e7f74296b');
INSERT INTO referencedata.right_assignments (id, rightname, facilityid, programid, userid) VALUES ('29263eea-f632-4cf4-a03d-0786a883abfb', 'REQUISITION_CREATE', '7938919f-6f61-4d1a-a4dc-923c31e9cd45', 'dce17f2e-af3e-40ad-8e00-3496adef44c3', '2bb552b3-0324-42ef-bb21-c5cc74a38592');
INSERT INTO referencedata.right_assignments (id, rightname, facilityid, programid, userid) VALUES ('d70bc3e6-b26a-414f-a917-c697bd038638', 'REQUISITION_AUTHORIZE', '13037147-1769-4735-90a7-b9b310d128b8', 'dce17f2e-af3e-40ad-8e00-3496adef44c3', 'a337ec45-31a0-4f2b-9b2e-a105c4b669bb');
INSERT INTO referencedata.right_assignments (id, rightname, facilityid, programid, userid) VALUES ('b2765727-5d3f-4c52-88af-2b62b5f80578', 'STOCK_EVENT_CREATE', '176c4276-1fb1-4507-8ad2-cdfba0f47445', 'dce17f2e-af3e-40ad-8e00-3496adef44c3', 'c994d1ea-47f7-435d-9d4d-42fb54197698');
INSERT INTO referencedata.right_assignments (id, rightname, facilityid, programid, userid) VALUES ('cf1fbcc5-bcb6-4dc0-bbf1-328ea931249c', 'REQUISITION_APPROVE', '7938919f-6f61-4d1a-a4dc-923c31e9cd45', '10845cb9-d365-4aaa-badd-b4fa39c6a26a', 'a337ec45-31a0-4f2b-9b2e-a105c4b669bb');
INSERT INTO referencedata.right_assignments (id, rightname, facilityid, programid, userid) VALUES ('b885dac1-0671-4915-842c-2936a765a0c5', 'REQUISITION_VIEW', '176c4276-1fb1-4507-8ad2-cdfba0f47445', 'dce17f2e-af3e-40ad-8e00-3496adef44c3', 'cb5cd52f-f205-475d-8763-90852839424d');
INSERT INTO referencedata.right_assignments (id, rightname, facilityid, programid, userid) VALUES ('10b3aee3-3144-42fd-b4ee-af72ff87fb3f', 'REQUISITION_TEMPLATES_MANAGE', NULL, NULL, '35316636-6264-6331-2d34-3933322d3462');
INSERT INTO referencedata.right_assignments (id, rightname, facilityid, programid, userid) VALUES ('1c68da29-1c61-454a-825d-3fb30c5b7af3', 'STOCK_EVENT_CREATE', '5b39f0fb-5c47-4551-b983-1e30ac6df65d', '10845cb9-d365-4aaa-badd-b4fa39c6a26a', '7d6c0269-0c6a-4c9a-a098-46de276b9d26');
INSERT INTO referencedata.right_assignments (id, rightname, facilityid, programid, userid) VALUES ('53236fee-b08b-40ce-bcf0-e73647c9ca79', 'REQUISITION_VIEW', 'e6799d64-d10d-4011-b8c2-0e4d4a3f65ce', '10845cb9-d365-4aaa-badd-b4fa39c6a26a', '573cf089-dfff-4273-b353-d94058164e55');
INSERT INTO referencedata.right_assignments (id, rightname, facilityid, programid, userid) VALUES ('3bb2307f-2c3d-48ed-a2bb-66514c78bdc0', 'ORDERS_VIEW', '9318b2ea-9ae0-42b2-a7e1-353683f54000', NULL, '476415b1-ca81-4561-a3b7-fa3d08434800');
INSERT INTO referencedata.right_assignments (id, rightname, facilityid, programid, userid) VALUES ('08ba67ec-c7f0-4151-9958-0a9247ca40d0', 'REQUISITION_AUTHORIZE', '5b39f0fb-5c47-4551-b983-1e30ac6df65d', '10845cb9-d365-4aaa-badd-b4fa39c6a26a', '2fbe9be3-f5e4-47ec-a10a-f3380c0daf75');
INSERT INTO referencedata.right_assignments (id, rightname, facilityid, programid, userid) VALUES ('a641046e-101d-410c-bcf1-39c91eed97b9', 'ORDERS_VIEW', '9318b2ea-9ae0-42b2-a7e1-353683f54000', NULL, 'a337ec45-31a0-4f2b-9b2e-a105c4b669bb');
INSERT INTO referencedata.right_assignments (id, rightname, facilityid, programid, userid) VALUES ('446e82b7-661b-45c0-a802-29f4f5b92cb7', 'REQUISITION_VIEW', '5b39f0fb-5c47-4551-b983-1e30ac6df65d', '10845cb9-d365-4aaa-badd-b4fa39c6a26a', '7d6c0269-0c6a-4c9a-a098-46de276b9d26');
INSERT INTO referencedata.right_assignments (id, rightname, facilityid, programid, userid) VALUES ('b6f16c79-b44a-4db5-ae63-0eb8df1e5c39', 'PODS_MANAGE', 'e6799d64-d10d-4011-b8c2-0e4d4a3f65ce', 'dce17f2e-af3e-40ad-8e00-3496adef44c3', 'f72bf4ee-eb86-4bfd-be88-4f481f4e2fe0');
INSERT INTO referencedata.right_assignments (id, rightname, facilityid, programid, userid) VALUES ('58feaaa2-41c7-4645-8fbc-605677801de2', 'ORDERS_EDIT', '9318b2ea-9ae0-42b2-a7e1-353683f54000', NULL, '476415b1-ca81-4561-a3b7-fa3d08434800');
INSERT INTO referencedata.right_assignments (id, rightname, facilityid, programid, userid) VALUES ('f3467dd4-ac54-43f9-b4d3-8712828042a3', 'REQUISITION_VIEW', '7938919f-6f61-4d1a-a4dc-923c31e9cd45', '10845cb9-d365-4aaa-badd-b4fa39c6a26a', '469c6e1c-aab7-4640-8925-f3c34bbe752d');
INSERT INTO referencedata.right_assignments (id, rightname, facilityid, programid, userid) VALUES ('2920b1fa-e9f3-4e3c-a335-e9fe1420afe1', 'REQUISITION_AUTHORIZE', 'e6799d64-d10d-4011-b8c2-0e4d4a3f65ce', 'dce17f2e-af3e-40ad-8e00-3496adef44c3', '2bb552b3-0324-42ef-bb21-c5cc74a38592');
INSERT INTO referencedata.right_assignments (id, rightname, facilityid, programid, userid) VALUES ('3f64bb02-886f-401a-91a4-49610d538b7c', 'REQUISITION_CREATE', '7938919f-6f61-4d1a-a4dc-923c31e9cd45', 'dce17f2e-af3e-40ad-8e00-3496adef44c3', 'a337ec45-31a0-4f2b-9b2e-a105c4b669bb');
INSERT INTO referencedata.right_assignments (id, rightname, facilityid, programid, userid) VALUES ('9e5f7afe-477c-4fd1-818a-93c5bcccf33d', 'REQUISITION_APPROVE', '13037147-1769-4735-90a7-b9b310d128b8', 'dce17f2e-af3e-40ad-8e00-3496adef44c3', '573cf089-dfff-4273-b353-d94058164e55');
INSERT INTO referencedata.right_assignments (id, rightname, facilityid, programid, userid) VALUES ('344082eb-e173-4cf7-8cb5-37d66fabe0d1', 'REQUISITION_VIEW', '7938919f-6f61-4d1a-a4dc-923c31e9cd45', '10845cb9-d365-4aaa-badd-b4fa39c6a26a', 'a337ec45-31a0-4f2b-9b2e-a105c4b669bb');
INSERT INTO referencedata.right_assignments (id, rightname, facilityid, programid, userid) VALUES ('54e14fc7-ff48-49a9-9ae3-9b111c0d120e', 'REQUISITION_DELETE', '5b39f0fb-5c47-4551-b983-1e30ac6df65d', '10845cb9-d365-4aaa-badd-b4fa39c6a26a', '7d6c0269-0c6a-4c9a-a098-46de276b9d26');
INSERT INTO referencedata.right_assignments (id, rightname, facilityid, programid, userid) VALUES ('48557ada-eecb-4333-a97f-eda39527b269', 'PRODUCTS_MANAGE', NULL, NULL, '35316636-6264-6331-2d34-3933322d3462');
INSERT INTO referencedata.right_assignments (id, rightname, facilityid, programid, userid) VALUES ('8115fd0c-5b2d-4de6-863c-10944c4934f3', 'REQUISITION_APPROVE', '5b39f0fb-5c47-4551-b983-1e30ac6df65d', '10845cb9-d365-4aaa-badd-b4fa39c6a26a', 'a337ec45-31a0-4f2b-9b2e-a105c4b669bb');
INSERT INTO referencedata.right_assignments (id, rightname, facilityid, programid, userid) VALUES ('a805d803-874c-4ded-a9e8-260f6a688cfc', 'REQUISITION_TEMPLATES_MANAGE', NULL, NULL, 'a337ec45-31a0-4f2b-9b2e-a105c4b669bb');
INSERT INTO referencedata.right_assignments (id, rightname, facilityid, programid, userid) VALUES ('7db7474d-cf6f-4078-a445-51676ee5e862', 'REQUISITION_APPROVE', '7938919f-6f61-4d1a-a4dc-923c31e9cd45', 'dce17f2e-af3e-40ad-8e00-3496adef44c3', '2bb552b3-0324-42ef-bb21-c5cc74a38592');
INSERT INTO referencedata.right_assignments (id, rightname, facilityid, programid, userid) VALUES ('83d0b913-269d-405d-8ecc-e36cd1f1f69e', 'PODS_MANAGE', '7938919f-6f61-4d1a-a4dc-923c31e9cd45', '10845cb9-d365-4aaa-badd-b4fa39c6a26a', 'c54df462-66d8-4a02-bee9-b786fe2f30ee');
INSERT INTO referencedata.right_assignments (id, rightname, facilityid, programid, userid) VALUES ('bed08f2e-a485-4bf8-b277-20372872f7de', 'REQUISITION_VIEW', '13037147-1769-4735-90a7-b9b310d128b8', 'dce17f2e-af3e-40ad-8e00-3496adef44c3', '573cf089-dfff-4273-b353-d94058164e55');
INSERT INTO referencedata.right_assignments (id, rightname, facilityid, programid, userid) VALUES ('69ef085a-8d5a-45d8-b959-6ef1f789d204', 'REQUISITION_VIEW', '7938919f-6f61-4d1a-a4dc-923c31e9cd45', '10845cb9-d365-4aaa-badd-b4fa39c6a26a', '573cf089-dfff-4273-b353-d94058164e55');
INSERT INTO referencedata.right_assignments (id, rightname, facilityid, programid, userid) VALUES ('065c7e84-8d57-4590-aea7-af77b32489eb', 'REQUISITION_VIEW', '13037147-1769-4735-90a7-b9b310d128b8', 'dce17f2e-af3e-40ad-8e00-3496adef44c3', '2bb552b3-0324-42ef-bb21-c5cc74a38592');
INSERT INTO referencedata.right_assignments (id, rightname, facilityid, programid, userid) VALUES ('548b97e6-8ef2-4f5e-95d8-27978220ec0c', 'REQUISITION_DELETE', '7938919f-6f61-4d1a-a4dc-923c31e9cd45', '10845cb9-d365-4aaa-badd-b4fa39c6a26a', '469c6e1c-aab7-4640-8925-f3c34bbe752d');
INSERT INTO referencedata.right_assignments (id, rightname, facilityid, programid, userid) VALUES ('15d7d887-f335-41cb-9144-02f18cba30d5', 'REQUISITION_DELETE', 'e6799d64-d10d-4011-b8c2-0e4d4a3f65ce', '10845cb9-d365-4aaa-badd-b4fa39c6a26a', 'a337ec45-31a0-4f2b-9b2e-a105c4b669bb');
INSERT INTO referencedata.right_assignments (id, rightname, facilityid, programid, userid) VALUES ('30adc73c-5d83-401a-abaa-35e7e6a563dc', 'REQUISITION_VIEW', 'e6799d64-d10d-4011-b8c2-0e4d4a3f65ce', 'dce17f2e-af3e-40ad-8e00-3496adef44c3', 'a337ec45-31a0-4f2b-9b2e-a105c4b669bb');
INSERT INTO referencedata.right_assignments (id, rightname, facilityid, programid, userid) VALUES ('dc92ab63-17e7-44ee-8135-14059f68c0dc', 'REQUISITION_CREATE', '5b39f0fb-5c47-4551-b983-1e30ac6df65d', '10845cb9-d365-4aaa-badd-b4fa39c6a26a', 'a337ec45-31a0-4f2b-9b2e-a105c4b669bb');
INSERT INTO referencedata.right_assignments (id, rightname, facilityid, programid, userid) VALUES ('7ef1166f-bfcc-4a2e-bc3b-7bc700c857d6', 'REQUISITION_AUTHORIZE', 'e6799d64-d10d-4011-b8c2-0e4d4a3f65ce', 'dce17f2e-af3e-40ad-8e00-3496adef44c3', 'a337ec45-31a0-4f2b-9b2e-a105c4b669bb');
INSERT INTO referencedata.right_assignments (id, rightname, facilityid, programid, userid) VALUES ('3a832818-bbc3-4845-8771-9e8b2c7b0b7c', 'REQUISITION_VIEW', '5b39f0fb-5c47-4551-b983-1e30ac6df65d', '10845cb9-d365-4aaa-badd-b4fa39c6a26a', '2fbe9be3-f5e4-47ec-a10a-f3380c0daf75');
INSERT INTO referencedata.right_assignments (id, rightname, facilityid, programid, userid) VALUES ('0303294c-35c8-4dbb-acf4-9cb317d3b6d3', 'SUPERVISORY_NODES_MANAGE', NULL, NULL, '35316636-6264-6331-2d34-3933322d3462');
INSERT INTO referencedata.right_assignments (id, rightname, facilityid, programid, userid) VALUES ('ea67985c-5da0-41fe-b198-971ffe91c33e', 'REQUISITION_DELETE', '7938919f-6f61-4d1a-a4dc-923c31e9cd45', '10845cb9-d365-4aaa-badd-b4fa39c6a26a', 'c54df462-66d8-4a02-bee9-b786fe2f30ee');
INSERT INTO referencedata.right_assignments (id, rightname, facilityid, programid, userid) VALUES ('301cd32c-96cb-4c17-af03-06282dd458a5', 'REQUISITION_VIEW', '7938919f-6f61-4d1a-a4dc-923c31e9cd45', 'dce17f2e-af3e-40ad-8e00-3496adef44c3', '469c6e1c-aab7-4640-8925-f3c34bbe752d');
INSERT INTO referencedata.right_assignments (id, rightname, facilityid, programid, userid) VALUES ('79616e03-7c5a-4630-8d9a-9a0171bb714c', 'REQUISITION_APPROVE', '13037147-1769-4735-90a7-b9b310d128b8', '10845cb9-d365-4aaa-badd-b4fa39c6a26a', '573cf089-dfff-4273-b353-d94058164e55');
INSERT INTO referencedata.right_assignments (id, rightname, facilityid, programid, userid) VALUES ('68e92178-64a4-4912-bb91-3b000ba01109', 'STOCK_EVENT_CREATE', 'e6799d64-d10d-4011-b8c2-0e4d4a3f65ce', 'dce17f2e-af3e-40ad-8e00-3496adef44c3', 'f72bf4ee-eb86-4bfd-be88-4f481f4e2fe0');
INSERT INTO referencedata.right_assignments (id, rightname, facilityid, programid, userid) VALUES ('50d16bb7-4dd8-44b8-a074-ce842b4a6d94', 'REQUISITION_VIEW', '7938919f-6f61-4d1a-a4dc-923c31e9cd45', 'dce17f2e-af3e-40ad-8e00-3496adef44c3', 'c54df462-66d8-4a02-bee9-b786fe2f30ee');
INSERT INTO referencedata.right_assignments (id, rightname, facilityid, programid, userid) VALUES ('adcad12b-b42e-4623-937a-75d94dbf9485', 'REQUISITION_DELETE', '7938919f-6f61-4d1a-a4dc-923c31e9cd45', 'dce17f2e-af3e-40ad-8e00-3496adef44c3', '469c6e1c-aab7-4640-8925-f3c34bbe752d');
INSERT INTO referencedata.right_assignments (id, rightname, facilityid, programid, userid) VALUES ('30b50ae0-2436-40ba-a85e-03357895378d', 'REQUISITION_VIEW', '19121381-9f3d-4e77-b9e5-d3f59fc1639e', NULL, 'a337ec45-31a0-4f2b-9b2e-a105c4b669bb');
INSERT INTO referencedata.right_assignments (id, rightname, facilityid, programid, userid) VALUES ('3f4762d8-6bb9-42de-93b3-12ca15b56f58', 'REQUISITION_AUTHORIZE', '7938919f-6f61-4d1a-a4dc-923c31e9cd45', '10845cb9-d365-4aaa-badd-b4fa39c6a26a', '469c6e1c-aab7-4640-8925-f3c34bbe752d');
INSERT INTO referencedata.right_assignments (id, rightname, facilityid, programid, userid) VALUES ('28f9492c-40ba-44ee-b711-3d820417faaf', 'REQUISITION_CREATE', '176c4276-1fb1-4507-8ad2-cdfba0f47445', 'dce17f2e-af3e-40ad-8e00-3496adef44c3', '2bb552b3-0324-42ef-bb21-c5cc74a38592');
INSERT INTO referencedata.right_assignments (id, rightname, facilityid, programid, userid) VALUES ('846dc98a-bd62-4910-a45e-e431a134db76', 'SUPERVISORY_NODES_MANAGE', NULL, NULL, 'a337ec45-31a0-4f2b-9b2e-a105c4b669bb');
INSERT INTO referencedata.right_assignments (id, rightname, facilityid, programid, userid) VALUES ('176070bb-3aad-4d40-991e-77ba086110fd', 'REQUISITION_APPROVE', '176c4276-1fb1-4507-8ad2-cdfba0f47445', 'dce17f2e-af3e-40ad-8e00-3496adef44c3', 'a337ec45-31a0-4f2b-9b2e-a105c4b669bb');
INSERT INTO referencedata.right_assignments (id, rightname, facilityid, programid, userid) VALUES ('c08a5d37-7b47-4714-a725-5994be9f613c', 'REQUISITION_DELETE', 'e6799d64-d10d-4011-b8c2-0e4d4a3f65ce', 'dce17f2e-af3e-40ad-8e00-3496adef44c3', '9b2778af-5372-4410-a5c8-899e7f74296b');
INSERT INTO referencedata.right_assignments (id, rightname, facilityid, programid, userid) VALUES ('11664208-7e6a-4a6a-9082-9c75c84c3cb7', 'GEOGRAPHIC_ZONES_MANAGE', NULL, NULL, 'a337ec45-31a0-4f2b-9b2e-a105c4b669bb');
INSERT INTO referencedata.right_assignments (id, rightname, facilityid, programid, userid) VALUES ('1b48f4ba-84ca-4de5-99ba-2ff49dbbb694', 'PROCESSING_SCHEDULES_MANAGE', NULL, NULL, 'a337ec45-31a0-4f2b-9b2e-a105c4b669bb');
INSERT INTO referencedata.right_assignments (id, rightname, facilityid, programid, userid) VALUES ('ca2963f5-37c6-4e77-a17f-16f7d3d3bdac', 'PODS_MANAGE', 'e6799d64-d10d-4011-b8c2-0e4d4a3f65ce', 'dce17f2e-af3e-40ad-8e00-3496adef44c3', 'a337ec45-31a0-4f2b-9b2e-a105c4b669bb');
INSERT INTO referencedata.right_assignments (id, rightname, facilityid, programid, userid) VALUES ('0477f511-5366-4bc7-b363-53119bd3edf0', 'REQUISITION_VIEW', '7938919f-6f61-4d1a-a4dc-923c31e9cd45', '10845cb9-d365-4aaa-badd-b4fa39c6a26a', 'c54df462-66d8-4a02-bee9-b786fe2f30ee');
INSERT INTO referencedata.right_assignments (id, rightname, facilityid, programid, userid) VALUES ('9232b8cb-8aca-475b-89cd-9e339d84670e', 'REQUISITION_DELETE', '176c4276-1fb1-4507-8ad2-cdfba0f47445', 'dce17f2e-af3e-40ad-8e00-3496adef44c3', 'cb5cd52f-f205-475d-8763-90852839424d');
INSERT INTO referencedata.right_assignments (id, rightname, facilityid, programid, userid) VALUES ('0e82784c-c3b4-4075-a480-2fa4f1a48db5', 'REQUISITION_DELETE', '7938919f-6f61-4d1a-a4dc-923c31e9cd45', 'dce17f2e-af3e-40ad-8e00-3496adef44c3', 'c54df462-66d8-4a02-bee9-b786fe2f30ee');
INSERT INTO referencedata.right_assignments (id, rightname, facilityid, programid, userid) VALUES ('6f4b4ccf-0194-4143-bde1-8c1bd44ea94e', 'REQUISITION_VIEW', 'e6799d64-d10d-4011-b8c2-0e4d4a3f65ce', 'dce17f2e-af3e-40ad-8e00-3496adef44c3', 'f72bf4ee-eb86-4bfd-be88-4f481f4e2fe0');
INSERT INTO referencedata.right_assignments (id, rightname, facilityid, programid, userid) VALUES ('5a61a681-9aed-4cc4-92a7-2f668bf9c61c', 'REQUISITION_AUTHORIZE', '7938919f-6f61-4d1a-a4dc-923c31e9cd45', 'dce17f2e-af3e-40ad-8e00-3496adef44c3', '2bb552b3-0324-42ef-bb21-c5cc74a38592');
INSERT INTO referencedata.right_assignments (id, rightname, facilityid, programid, userid) VALUES ('81c6d1be-7730-46fd-86f2-67b6b1c76ad6', 'REQUISITION_AUTHORIZE', '176c4276-1fb1-4507-8ad2-cdfba0f47445', 'dce17f2e-af3e-40ad-8e00-3496adef44c3', '9b2778af-5372-4410-a5c8-899e7f74296b');
INSERT INTO referencedata.right_assignments (id, rightname, facilityid, programid, userid) VALUES ('c34097f9-7d7e-4f6f-a484-64ddfd35c09e', 'FACILITIES_MANAGE', NULL, NULL, 'a337ec45-31a0-4f2b-9b2e-a105c4b669bb');
INSERT INTO referencedata.right_assignments (id, rightname, facilityid, programid, userid) VALUES ('0dc8d798-f2a9-4548-8d6a-2cc098202610', 'REQUISITION_APPROVE', '7938919f-6f61-4d1a-a4dc-923c31e9cd45', 'dce17f2e-af3e-40ad-8e00-3496adef44c3', '573cf089-dfff-4273-b353-d94058164e55');
INSERT INTO referencedata.right_assignments (id, rightname, facilityid, programid, userid) VALUES ('70ead08d-2a29-4857-b198-555e11753bc8', 'REQUISITION_CREATE', 'e6799d64-d10d-4011-b8c2-0e4d4a3f65ce', 'dce17f2e-af3e-40ad-8e00-3496adef44c3', '2bb552b3-0324-42ef-bb21-c5cc74a38592');
INSERT INTO referencedata.right_assignments (id, rightname, facilityid, programid, userid) VALUES ('2f14f64a-399d-4dfd-a099-659a1eb29109', 'REQUISITION_APPROVE', 'e6799d64-d10d-4011-b8c2-0e4d4a3f65ce', '10845cb9-d365-4aaa-badd-b4fa39c6a26a', '573cf089-dfff-4273-b353-d94058164e55');
INSERT INTO referencedata.right_assignments (id, rightname, facilityid, programid, userid) VALUES ('38f873bd-57d8-4b40-a04b-6c805c782b7f', 'PRODUCTS_MANAGE', NULL, NULL, 'a337ec45-31a0-4f2b-9b2e-a105c4b669bb');
INSERT INTO referencedata.right_assignments (id, rightname, facilityid, programid, userid) VALUES ('f0a61658-5c02-444f-8faa-5860cf910889', 'STOCK_CARD_TEMPLATES_MANAGE', NULL, NULL, 'a337ec45-31a0-4f2b-9b2e-a105c4b669bb');
INSERT INTO referencedata.right_assignments (id, rightname, facilityid, programid, userid) VALUES ('088671d1-8868-4f6e-b266-9463d78d3256', 'REQUISITION_CREATE', '7938919f-6f61-4d1a-a4dc-923c31e9cd45', 'dce17f2e-af3e-40ad-8e00-3496adef44c3', 'c54df462-66d8-4a02-bee9-b786fe2f30ee');
INSERT INTO referencedata.right_assignments (id, rightname, facilityid, programid, userid) VALUES ('410de7a9-a319-43e8-933d-d5edfd22afbe', 'USERS_MANAGE', NULL, NULL, 'a337ec45-31a0-4f2b-9b2e-a105c4b669bb');
INSERT INTO referencedata.right_assignments (id, rightname, facilityid, programid, userid) VALUES ('a73e5682-7431-41df-b121-c1edc355ea1d', 'REQUISITION_DELETE', '176c4276-1fb1-4507-8ad2-cdfba0f47445', 'dce17f2e-af3e-40ad-8e00-3496adef44c3', 'c994d1ea-47f7-435d-9d4d-42fb54197698');
