INSERT INTO requisition.available_requisition_columns (id, name, label, indicator, mandatory, isDisplayRequired, canChangeOrder, canBeChangedByUser, columnType, definition) VALUES('4a2e9fd3-1127-4b68-9912-84a5c00f6999', 'requestedQuantity', 'Requested quantity', 'J', false, false, true, false, 'NUMERIC', 'Requested override of calculated quantity. This is quantified in dispensing units.');
INSERT INTO requisition.available_requisition_columns (id, name, label, indicator, mandatory, isDisplayRequired, canChangeOrder, canBeChangedByUser, columnType, definition) VALUES('5ba8b72d-277a-4da8-b10a-23f0cda23cb4', 'totalReceivedQuantity', 'Total received quantity', 'B', false, false, true, false, 'NUMERIC', 'Total quantity received in the reporting period. This is quantified in dispensing units.');
INSERT INTO requisition.available_requisition_columns (id, name, label, indicator, mandatory, isDisplayRequired, canChangeOrder, canBeChangedByUser, columnType, definition) VALUES('33b2d2e9-3167-46b0-95d4-1295be9afc22', 'beginningBalance', 'Beginning balance', 'A', false, false, true, false, 'NUMERIC', 'Based on the Stock On Hand from the previous period. This is quantified in dispensing units.');
INSERT INTO requisition.available_requisition_columns (id, name, label, indicator, mandatory, isDisplayRequired, canChangeOrder, canBeChangedByUser, columnType, definition) VALUES('752cda76-0db5-4b6e-bb79-0f531ab78e2c', 'stockOnHand', 'Stock on hand', 'E', false, false, true, false, 'NUMERIC', 'Current physical count of stock on hand. This is quantified in dispensing units.');
INSERT INTO requisition.available_requisition_columns (id, name, label, indicator, mandatory, isDisplayRequired, canChangeOrder, canBeChangedByUser, columnType, definition) VALUES('9e825396-269d-4873-baa4-89054e2722f4', 'totalConsumedQuantity', 'Total consumed quantity', 'C', false, false, true, false, 'NUMERIC', 'Quantity dispensed/consumed in the reporting period. This is quantified in dispensing units.');
INSERT INTO requisition.available_requisition_columns (id, name, label, indicator, mandatory, isDisplayRequired, canChangeOrder, canBeChangedByUser, columnType, definition) VALUES('cd57f329-f549-4717-882e-ecbf98122c38', 'totalLossesAndAdjustments', 'Total losses and adjustments', 'D', false, false, true, false, 'NUMERIC', 'All kind of losses/adjustments made at the facility.');
INSERT INTO requisition.available_requisition_columns (id, name, label, indicator, mandatory, isDisplayRequired, canChangeOrder, canBeChangedByUser, columnType, definition) VALUES('6b8d331b-a0dd-4a1f-aafb-40e6a72ab9f5', 'requestedQuantityExplanation', 'Requested quantity explanation', 'W', false, false, true, false, 'TEXT', 'Explanation of request for a quantity other than calculated order quantity.');
INSERT INTO requisition.available_requisition_columns (id, name, label, indicator, mandatory, isDisplayRequired, canChangeOrder, canBeChangedByUser, columnType, definition) VALUES('2ed8c74a-f424-4742-bd14-cfbe67b6e7be', 'remarks', 'Remarks', 'L', false, false, true, false, 'TEXT', 'Any additional remarks.');
INSERT INTO requisition.available_requisition_columns (id, name, label, indicator, mandatory, isDisplayRequired, canChangeOrder, canBeChangedByUser, columnType, definition) VALUES('bde01507-3837-47b7-ae08-cec92c0c3cd2', 'productCode', 'Product code', 'O', false, false, false, false, 'TEXT', 'Unique identifier for each commodity/product.');
INSERT INTO requisition.available_requisition_columns (id, name, label, indicator, mandatory, isDisplayRequired, canChangeOrder, canBeChangedByUser, columnType, definition) VALUES('e53e80de-fc63-4ecb-b6b2-ef376b34c926', 'productName', 'Product', 'R', false, true, false, false, 'TEXT', 'Primary name of the product.');
INSERT INTO requisition.available_requisition_columns (id, name, label, indicator, mandatory, isDisplayRequired, canChangeOrder, canBeChangedByUser, columnType, definition) VALUES('a62a5fed-c0b6-4d49-8a96-c631da0d0113', 'approvedQuantity', 'Approved quantity', 'K', false, false, true, false, 'NUMERIC', 'Final approved quantity. This is quantified in dispensing units.');
INSERT INTO requisition.available_requisition_columns (id, name, label, indicator, mandatory, isDisplayRequired, canChangeOrder, canBeChangedByUser, columnType, definition) VALUES('750b9359-c097-4612-8328-d21671f88920', 'totalStockoutDays', 'Total stockout days', 'X', false, false, true, false, 'NUMERIC', 'Total number of days facility was out of stock.');
INSERT INTO requisition.available_requisition_columns (id, name, label, indicator, mandatory, isDisplayRequired, canChangeOrder, canBeChangedByUser, columnType, definition) VALUES('ef524868-9d0a-11e6-80f5-76304dec7eb7', 'total', 'Total', 'Y', false, false, true, false, 'NUMERIC', 'Total of beginning balance and quantity received.');
INSERT INTO requisition.available_requisition_columns (id, name, label, indicator, mandatory, isDisplayRequired, canChangeOrder, canBeChangedByUser, columnType, definition) VALUES('61e6d059-10ef-40c4-a6e3-fa7b9ad741ec', 'dispensingUnit', 'Unit/unit of issue', 'U', false, false, true, false, 'TEXT', 'Dispensing unit for this product.');
INSERT INTO requisition.available_requisition_columns (id, name, label, indicator, mandatory, isDisplayRequired, canChangeOrder, canBeChangedByUser, columnType, definition) VALUES('dc9dde56-593d-4929-81be-d1faec7025a8', 'packsToShip', 'Packs to ship', 'V', false, false, true, false, 'NUMERIC', 'Total packs to be shipped based on pack size and applying rounding rules.');
INSERT INTO requisition.available_requisition_columns (id, name, label, indicator, mandatory, isDisplayRequired, canChangeOrder, canBeChangedByUser, columnType, definition) VALUES('df524868-9d0a-18e6-80f5-76304ded7ab9', 'pricePerPack', 'Price per pack', 'T', false, false, true, false, 'CURRENCY', 'Price per pack. Will be blank if price is not defined.');
INSERT INTO requisition.available_requisition_columns (id, name, label, indicator, mandatory, isDisplayRequired, canChangeOrder, canBeChangedByUser, columnType, definition) VALUES('5708ebf9-9317-4420-85aa-71b2ae92643d', 'numberOfNewPatientsAdded', 'Number of new patients added', 'F', false, false, true, false, 'NUMERIC', 'New patients data.');
INSERT INTO requisition.available_requisition_columns (id, name, label, indicator, mandatory, isDisplayRequired, canChangeOrder, canBeChangedByUser, columnType, definition) VALUES('e3a0c1fc-c2d5-11e6-af2d-3417eb83144e', 'totalCost', 'Total cost', 'Q', false, false, true, false, 'CURRENCY', 'Total cost of the product based on quantity requested. Will be blank if price is not defined.');
INSERT INTO requisition.available_requisition_columns (id, name, label, indicator, mandatory, isDisplayRequired, canChangeOrder, canBeChangedByUser, columnType) VALUES('c6dffdee-3813-40d9-8737-f531d5adf420', 'skipped', 'skipped', 'S', false, false, false, false, 'BOOLEAN');
INSERT INTO requisition.available_requisition_columns (id, name, label, indicator, mandatory, isDisplayRequired, canChangeOrder, canBeChangedByUser, columnType, definition) VALUES('720dd95b-b765-4afb-b7f2-7b22261c32f3', 'adjustedConsumption', 'Adjusted consumption', 'N', false, false, true, false, 'NUMERIC', 'Total consumed quantity after adjusting for stockout days. Quantified in dispensing units.');
INSERT INTO requisition.available_requisition_columns (id, name, label, indicator, mandatory, isDisplayRequired, canChangeOrder, canBeChangedByUser, columnType, definition) VALUES('89113ec3-40e9-4d81-9516-b56adba7f8cd', 'averageConsumption', 'Average consumption', 'P', false, false, true, false, 'NUMERIC', 'Average consumption over a specified number of periods/months. Quantified in dispensing units.');
INSERT INTO requisition.available_requisition_columns (id, name, label, indicator, mandatory, isDisplayRequired, canChangeOrder, canBeChangedByUser, columnType, definition) VALUES('913e1a4f-f3b0-40c6-a422-2f73608c6f3d', 'maximumStockQuantity', 'Maximum stock quantity', 'H', false, false, true, false, 'NUMERIC', 'Maximum stock calculated based on consumption and max stock amounts. Quantified in dispensing units.');
INSERT INTO requisition.available_requisition_columns (id, name, label, indicator, mandatory, isDisplayRequired, canChangeOrder, canBeChangedByUser, columnType, definition) VALUES('5528576b-b1e7-48d9-bf32-fd0eefefaa9a', 'calculatedOrderQuantity', 'Calculated order quantity', 'I', false, false, true, false, 'NUMERIC', 'Actual quantity needed after deducting stock in hand. This is quantified in dispensing units.');
INSERT INTO requisition.available_requisition_column_sources (columnId, value) VALUES ('4a2e9fd3-1127-4b68-9912-84a5c00f6999', 'USER_INPUT');
INSERT INTO requisition.available_requisition_column_sources (columnId, value) VALUES ('5ba8b72d-277a-4da8-b10a-23f0cda23cb4', 'USER_INPUT');
INSERT INTO requisition.available_requisition_column_sources (columnId, value) VALUES ('33b2d2e9-3167-46b0-95d4-1295be9afc22', 'USER_INPUT');
INSERT INTO requisition.available_requisition_column_sources (columnId, value) VALUES ('752cda76-0db5-4b6e-bb79-0f531ab78e2c', 'USER_INPUT');
INSERT INTO requisition.available_requisition_column_sources (columnId, value) VALUES ('752cda76-0db5-4b6e-bb79-0f531ab78e2c', 'CALCULATED');
INSERT INTO requisition.available_requisition_column_sources (columnId, value) VALUES ('9e825396-269d-4873-baa4-89054e2722f4', 'USER_INPUT');
INSERT INTO requisition.available_requisition_column_sources (columnId, value) VALUES ('9e825396-269d-4873-baa4-89054e2722f4', 'CALCULATED');
INSERT INTO requisition.available_requisition_column_sources (columnId, value) VALUES ('cd57f329-f549-4717-882e-ecbf98122c38', 'USER_INPUT');
INSERT INTO requisition.available_requisition_column_sources (columnId, value) VALUES ('6b8d331b-a0dd-4a1f-aafb-40e6a72ab9f5', 'USER_INPUT');
INSERT INTO requisition.available_requisition_column_sources (columnId, value) VALUES ('2ed8c74a-f424-4742-bd14-cfbe67b6e7be', 'USER_INPUT');
INSERT INTO requisition.available_requisition_column_sources (columnId, value) VALUES ('bde01507-3837-47b7-ae08-cec92c0c3cd2', 'REFERENCE_DATA');
INSERT INTO requisition.available_requisition_column_sources (columnId, value) VALUES ('e53e80de-fc63-4ecb-b6b2-ef376b34c926', 'REFERENCE_DATA');
INSERT INTO requisition.available_requisition_column_sources (columnId, value) VALUES ('a62a5fed-c0b6-4d49-8a96-c631da0d0113', 'USER_INPUT');
INSERT INTO requisition.available_requisition_column_sources (columnId, value) VALUES ('750b9359-c097-4612-8328-d21671f88920', 'USER_INPUT');
INSERT INTO requisition.available_requisition_column_sources (columnId, value) VALUES ('ef524868-9d0a-11e6-80f5-76304dec7eb7', 'CALCULATED');
INSERT INTO requisition.available_requisition_column_sources (columnId, value) VALUES ('61e6d059-10ef-40c4-a6e3-fa7b9ad741ec', 'REFERENCE_DATA');
INSERT INTO requisition.available_requisition_column_sources (columnId, value) VALUES ('dc9dde56-593d-4929-81be-d1faec7025a8', 'CALCULATED');
INSERT INTO requisition.available_requisition_column_sources (columnId, value) VALUES ('df524868-9d0a-18e6-80f5-76304ded7ab9', 'REFERENCE_DATA');
INSERT INTO requisition.available_requisition_column_sources (columnId, value) VALUES ('5708ebf9-9317-4420-85aa-71b2ae92643d', 'USER_INPUT');
INSERT INTO requisition.available_requisition_column_sources (columnId, value) VALUES ('e3a0c1fc-c2d5-11e6-af2d-3417eb83144e', 'CALCULATED');
INSERT INTO requisition.available_requisition_column_sources (columnId, value) VALUES ('c6dffdee-3813-40d9-8737-f531d5adf420', 'USER_INPUT');
INSERT INTO requisition.available_requisition_column_sources (columnId, value) VALUES ('720dd95b-b765-4afb-b7f2-7b22261c32f3', 'CALCULATED');
INSERT INTO requisition.available_requisition_column_sources (columnId, value) VALUES ('89113ec3-40e9-4d81-9516-b56adba7f8cd', 'CALCULATED');
INSERT INTO requisition.available_requisition_column_sources (columnId, value) VALUES ('913e1a4f-f3b0-40c6-a422-2f73608c6f3d', 'CALCULATED');
INSERT INTO requisition.available_requisition_column_sources (columnId, value) VALUES ('5528576b-b1e7-48d9-bf32-fd0eefefaa9a', 'CALCULATED');
INSERT INTO requisition.available_requisition_column_options (id, columnId, optionName, optionLabel) VALUES ('34b8e763-71a0-41f1-86b4-1829963f0704', '5708ebf9-9317-4420-85aa-71b2ae92643d', 'newPatientCount', 'New patient count');
INSERT INTO requisition.available_requisition_column_options (id, columnId, optionName, optionLabel) VALUES ('4957ebb4-297c-459e-a291-812e72286eff', '5708ebf9-9317-4420-85aa-71b2ae92643d', 'dispensingUnitsForNewPatients', 'Dispensing units for new patients');
INSERT INTO requisition.available_requisition_column_options (id, columnId, optionName, optionLabel) VALUES ('ff2b350c-37f2-4801-b21e-27ca12c12b3c', '913e1a4f-f3b0-40c6-a422-2f73608c6f3d', 'default', 'Default');
INSERT INTO requisition.requisition_templates (SELECT * FROM json_populate_recordset(NULL::requisition.requisition_templates, '[{"id":"5a268780-fafd-4243-9551-5c7daa824913","programid":"dce17f2e-af3e-40ad-8e00-3496adef44c3","createddate":"2016-06-14T12:00:00","numberofperiodstoaverage":"2"},{"id":"4b30f6c9-b84b-4f17-8173-852101a5ea29","programid":"10845cb9-d365-4aaa-badd-b4fa39c6a26a","createddate":"2016-03-17T12:00:00","numberofperiodstoaverage":"2"},{"id":"f6d38acd-f928-4a23-9f03-d1b74a706baa","programid":"66032ea8-b69b-4102-a1eb-844e57143187","createddate":"2016-06-22T12:00:00","numberofperiodstoaverage":"2"}]'));
INSERT INTO requisition.columns_maps (SELECT * FROM json_populate_recordset(NULL::requisition.columns_maps, '[{"key":"skipped","name":"skipped","label":"Skip","indicator":"S","source":0,"requisitiontemplateid":"5a268780-fafd-4243-9551-5c7daa824913","displayorder":1,"isdisplayed":true,"requisitioncolumnid":"c6dffdee-3813-40d9-8737-f531d5adf420"},{"key":"productCode","name":"orderable.productCode","label":"Product code","indicator":"O","source":2,"definition":"Unique identifier for each commodity/product.","requisitiontemplateid":"5a268780-fafd-4243-9551-5c7daa824913","displayorder":2,"isdisplayed":true,"requisitioncolumnid":"bde01507-3837-47b7-ae08-cec92c0c3cd2"},{"key":"productName","name":"orderable.name","label":"Product","indicator":"R","source":2,"definition":"Primary name of the product.","requisitiontemplateid":"5a268780-fafd-4243-9551-5c7daa824913","displayorder":3,"isdisplayed":true,"requisitioncolumnid":"e53e80de-fc63-4ecb-b6b2-ef376b34c926"},{"key":"beginningBalance","name":"beginningBalance","label":"Beginning balance","indicator":"A","source":0,"definition":"Based on the Stock On Hand from the previous period. This is quantified in dispensing units.","requisitiontemplateid":"5a268780-fafd-4243-9551-5c7daa824913","displayorder":4,"isdisplayed":true,"requisitioncolumnid":"33b2d2e9-3167-46b0-95d4-1295be9afc22"},{"key":"totalReceivedQuantity","name":"totalReceivedQuantity","label":"Total received quantity","indicator":"B","source":0,"definition":"Total quantity received in the reporting period. This is quantified in dispensing units.","requisitiontemplateid":"5a268780-fafd-4243-9551-5c7daa824913","displayorder":5,"isdisplayed":true,"requisitioncolumnid":"5ba8b72d-277a-4da8-b10a-23f0cda23cb4"},{"key":"totalConsumedQuantity","name":"totalConsumedQuantity","label":"Total consumed quantity","indicator":"C","source":0,"definition":"Quantity dispensed/consumed in the reporting period. This is quantified in dispensing units.","requisitiontemplateid":"5a268780-fafd-4243-9551-5c7daa824913","displayorder":6,"isdisplayed":true,"requisitioncolumnid":"9e825396-269d-4873-baa4-89054e2722f4"},{"key":"totalLossesAndAdjustments","name":"totalLossesAndAdjustments","label":"Total losses and adjustments","indicator":"D","source":0,"definition":"All kind of losses/adjustments made at the facility.","requisitiontemplateid":"5a268780-fafd-4243-9551-5c7daa824913","displayorder":7,"isdisplayed":true,"requisitioncolumnid":"cd57f329-f549-4717-882e-ecbf98122c38"},{"key":"stockOnHand","name":"stockOnHand","label":"Stock on hand","indicator":"E","source":1,"definition":"Current physical count of stock on hand. This is quantified in dispensing units.","requisitiontemplateid":"5a268780-fafd-4243-9551-5c7daa824913","displayorder":8,"isdisplayed":true,"requisitioncolumnid":"752cda76-0db5-4b6e-bb79-0f531ab78e2c"},{"key":"requestedQuantity","name":"requestedQuantity","label":"Requested quantity","indicator":"J","source":0,"definition":"Requested override of calculated quantity. This is quantified in dispensing units.","requisitiontemplateid":"5a268780-fafd-4243-9551-5c7daa824913","displayorder":9,"isdisplayed":true,"requisitioncolumnid":"4a2e9fd3-1127-4b68-9912-84a5c00f6999"},{"key":"requestedQuantityExplanation","name":"requestedQuantityExplanation","label":"Requested quantity explanation","indicator":"W","source":0,"definition":"Explanation of request for a quantity other than calculated order quantity.","requisitiontemplateid":"5a268780-fafd-4243-9551-5c7daa824913","displayorder":10,"isdisplayed":true,"requisitioncolumnid":"6b8d331b-a0dd-4a1f-aafb-40e6a72ab9f5"},{"key":"approvedQuantity","name":"approvedQuantity","label":"Approved quantity","indicator":"K","source":0,"definition":"Final approved quantity. This is quantified in dispensing units.","requisitiontemplateid":"5a268780-fafd-4243-9551-5c7daa824913","displayorder":11,"isdisplayed":true,"requisitioncolumnid":"a62a5fed-c0b6-4d49-8a96-c631da0d0113"},{"key":"remarks","name":"remarks","label":"Remarks","indicator":"L","source":0,"definition":"Any additional remarks.","requisitiontemplateid":"5a268780-fafd-4243-9551-5c7daa824913","displayorder":12,"isdisplayed":true,"requisitioncolumnid":"2ed8c74a-f424-4742-bd14-cfbe67b6e7be"},{"key":"totalStockoutDays","name":"totalStockoutDays","label":"Total stockout days","indicator":"X","source":0,"definition":"Total number of days facility was out of stock.","requisitiontemplateid":"5a268780-fafd-4243-9551-5c7daa824913","displayorder":13,"isdisplayed":true,"requisitioncolumnid":"750b9359-c097-4612-8328-d21671f88920"},{"key":"total","name":"total","label":"Total","indicator":"Y","source":1,"definition":"Total of beginning balance and quantity received.","requisitiontemplateid":"5a268780-fafd-4243-9551-5c7daa824913","displayorder":14,"isdisplayed":true,"requisitioncolumnid":"ef524868-9d0a-11e6-80f5-76304dec7eb7"},{"key":"dispensingUnit","name":"orderable.dispensable.dispensingUnit","label":"Unit/unit of issue","indicator":"U","source":2,"definition":"Dispensing unit for this product.","requisitiontemplateid":"5a268780-fafd-4243-9551-5c7daa824913","displayorder":15,"isdisplayed":true,"requisitioncolumnid":"61e6d059-10ef-40c4-a6e3-fa7b9ad741ec"},{"key":"packsToShip","name":"packsToShip","label":"Packs to ship","indicator":"V","source":1,"definition":"Total packs to be shipped based on pack size and applying rounding rules.","requisitiontemplateid":"5a268780-fafd-4243-9551-5c7daa824913","displayorder":16,"isdisplayed":true,"requisitioncolumnid":"dc9dde56-593d-4929-81be-d1faec7025a8"},{"key":"pricePerPack","name":"pricePerPack","label":"Price per pack","indicator":"T","source":2,"definition":"Price per pack. Will be blank if price is not defined.","requisitiontemplateid":"5a268780-fafd-4243-9551-5c7daa824913","displayorder":17,"isdisplayed":true,"requisitioncolumnid":"df524868-9d0a-18e6-80f5-76304ded7ab9"},{"key":"numberOfNewPatientsAdded","name":"numberOfNewPatientsAdded","label":"Number of new patients added","indicator":"F","source":0,"definition":"New patients data.","requisitiontemplateid":"5a268780-fafd-4243-9551-5c7daa824913","displayorder":18,"isdisplayed":true,"requisitioncolumnid":"5708ebf9-9317-4420-85aa-71b2ae92643d","requisitioncolumnoptionid":"34b8e763-71a0-41f1-86b4-1829963f0704"},{"key":"totalCost","name":"totalCost","label":"Total cost","indicator":"Q","source":1,"definition":"Total cost of the product based on quantity requested. Will be blank if price is not defined.","requisitiontemplateid":"5a268780-fafd-4243-9551-5c7daa824913","displayorder":19,"isdisplayed":true,"requisitioncolumnid":"e3a0c1fc-c2d5-11e6-af2d-3417eb83144e"},{"key":"adjustedConsumption","name":"adjustedConsumption","label":"Adjusted consumption","indicator":"N","source":1,"definition":"Total consumed quantity after adjusting for stockout days. Quantified in dispensing units.","requisitiontemplateid":"5a268780-fafd-4243-9551-5c7daa824913","displayorder":20,"isdisplayed":true,"requisitioncolumnid":"720dd95b-b765-4afb-b7f2-7b22261c32f3"},{"key":"averageConsumption","name":"averageConsumption","label":"Average consumption","indicator":"P","source":1,"definition":"Average consumption over a specified number of periods/months. Quantified in dispensing units.","requisitiontemplateid":"5a268780-fafd-4243-9551-5c7daa824913","displayorder":21,"isdisplayed":true,"requisitioncolumnid":"89113ec3-40e9-4d81-9516-b56adba7f8cd"},{"key":"maximumStockQuantity","name":"maximumStockQuantity","label":"Maximum stock quantity","indicator":"H","source":1,"definition":"Maximum stock calculated based on consumption and max stock amounts. Quantified in dispensing units.","requisitiontemplateid":"5a268780-fafd-4243-9551-5c7daa824913","displayorder":22,"isdisplayed":true,"requisitioncolumnid":"913e1a4f-f3b0-40c6-a422-2f73608c6f3d","requisitioncolumnoptionid":"ff2b350c-37f2-4801-b21e-27ca12c12b3c"},{"key":"calculatedOrderQuantity","name":"calculatedOrderQuantity","label":"Calculated order quantity","indicator":"I","source":1,"definition":"Actual quantity needed after deducting stock in hand. This is quantified in dispensing units.","requisitiontemplateid":"5a268780-fafd-4243-9551-5c7daa824913","displayorder":23,"isdisplayed":true,"requisitioncolumnid":"5528576b-b1e7-48d9-bf32-fd0eefefaa9a"},{"key":"skipped","name":"skipped","label":"Skip","indicator":"S","source":0,"requisitiontemplateid":"4b30f6c9-b84b-4f17-8173-852101a5ea29","displayorder":1,"isdisplayed":true,"requisitioncolumnid":"c6dffdee-3813-40d9-8737-f531d5adf420"},{"key":"productCode","name":"orderable.productCode","label":"Product code","indicator":"O","source":2,"definition":"Unique identifier for each commodity/product.","requisitiontemplateid":"4b30f6c9-b84b-4f17-8173-852101a5ea29","displayorder":2,"isdisplayed":true,"requisitioncolumnid":"bde01507-3837-47b7-ae08-cec92c0c3cd2"},{"key":"productName","name":"orderable.name","label":"Product","indicator":"R","source":2,"definition":"Primary name of the product.","requisitiontemplateid":"4b30f6c9-b84b-4f17-8173-852101a5ea29","displayorder":3,"isdisplayed":true,"requisitioncolumnid":"e53e80de-fc63-4ecb-b6b2-ef376b34c926"},{"key":"beginningBalance","name":"beginningBalance","label":"Beginning balance","indicator":"A","source":0,"definition":"Based on the Stock On Hand from the previous period. This is quantified in dispensing units.","requisitiontemplateid":"4b30f6c9-b84b-4f17-8173-852101a5ea29","displayorder":4,"isdisplayed":true,"requisitioncolumnid":"33b2d2e9-3167-46b0-95d4-1295be9afc22"},{"key":"totalReceivedQuantity","name":"totalReceivedQuantity","label":"Total received quantity","indicator":"B","source":0,"definition":"Total quantity received in the reporting period. This is quantified in dispensing units.","requisitiontemplateid":"4b30f6c9-b84b-4f17-8173-852101a5ea29","displayorder":5,"isdisplayed":true,"requisitioncolumnid":"5ba8b72d-277a-4da8-b10a-23f0cda23cb4"},{"key":"totalConsumedQuantity","name":"totalConsumedQuantity","label":"Total consumed quantity","indicator":"C","source":0,"definition":"Quantity dispensed/consumed in the reporting period. This is quantified in dispensing units.","requisitiontemplateid":"4b30f6c9-b84b-4f17-8173-852101a5ea29","displayorder":6,"isdisplayed":true,"requisitioncolumnid":"9e825396-269d-4873-baa4-89054e2722f4"},{"key":"totalLossesAndAdjustments","name":"totalLossesAndAdjustments","label":"Total losses and adjustments","indicator":"D","source":0,"definition":"All kind of losses/adjustments made at the facility.","requisitiontemplateid":"4b30f6c9-b84b-4f17-8173-852101a5ea29","displayorder":7,"isdisplayed":true,"requisitioncolumnid":"cd57f329-f549-4717-882e-ecbf98122c38"},{"key":"stockOnHand","name":"stockOnHand","label":"Stock on hand","indicator":"E","source":1,"definition":"Current physical count of stock on hand. This is quantified in dispensing units.","requisitiontemplateid":"4b30f6c9-b84b-4f17-8173-852101a5ea29","displayorder":8,"isdisplayed":true,"requisitioncolumnid":"752cda76-0db5-4b6e-bb79-0f531ab78e2c"},{"key":"requestedQuantity","name":"requestedQuantity","label":"Requested quantity","indicator":"J","source":0,"definition":"Requested override of calculated quantity. This is quantified in dispensing units.","requisitiontemplateid":"4b30f6c9-b84b-4f17-8173-852101a5ea29","displayorder":9,"isdisplayed":true,"requisitioncolumnid":"4a2e9fd3-1127-4b68-9912-84a5c00f6999"},{"key":"requestedQuantityExplanation","name":"requestedQuantityExplanation","label":"Requested quantity explanation","indicator":"W","source":0,"definition":"Explanation of request for a quantity other than calculated order quantity.","requisitiontemplateid":"4b30f6c9-b84b-4f17-8173-852101a5ea29","displayorder":10,"isdisplayed":true,"requisitioncolumnid":"6b8d331b-a0dd-4a1f-aafb-40e6a72ab9f5"},{"key":"approvedQuantity","name":"approvedQuantity","label":"Approved quantity","indicator":"K","source":0,"definition":"Final approved quantity. This is quantified in dispensing units.","requisitiontemplateid":"4b30f6c9-b84b-4f17-8173-852101a5ea29","displayorder":11,"isdisplayed":true,"requisitioncolumnid":"a62a5fed-c0b6-4d49-8a96-c631da0d0113"},{"key":"remarks","name":"remarks","label":"Remarks","indicator":"L","source":0,"definition":"Any additional remarks.","requisitiontemplateid":"4b30f6c9-b84b-4f17-8173-852101a5ea29","displayorder":12,"isdisplayed":true,"requisitioncolumnid":"2ed8c74a-f424-4742-bd14-cfbe67b6e7be"},{"key":"totalStockoutDays","name":"totalStockoutDays","label":"Total stockout days","indicator":"X","source":0,"definition":"Total number of days facility was out of stock.","requisitiontemplateid":"4b30f6c9-b84b-4f17-8173-852101a5ea29","displayorder":13,"isdisplayed":true,"requisitioncolumnid":"750b9359-c097-4612-8328-d21671f88920"},{"key":"total","name":"total","label":"Total","indicator":"Y","source":1,"definition":"Total of beginning balance and quantity received.","requisitiontemplateid":"4b30f6c9-b84b-4f17-8173-852101a5ea29","displayorder":14,"isdisplayed":true,"requisitioncolumnid":"ef524868-9d0a-11e6-80f5-76304dec7eb7"},{"key":"packsToShip","name":"packsToShip","label":"Packs to ship","indicator":"V","source":1,"definition":"Total packs to be shipped based on pack size and applying rounding rules.","requisitiontemplateid":"4b30f6c9-b84b-4f17-8173-852101a5ea29","displayorder":15,"isdisplayed":true,"requisitioncolumnid":"dc9dde56-593d-4929-81be-d1faec7025a8"},{"key":"pricePerPack","name":"pricePerPack","label":"Price per pack","indicator":"T","source":2,"definition":"Price per pack. Will be blank if price is not defined.","requisitiontemplateid":"4b30f6c9-b84b-4f17-8173-852101a5ea29","displayorder":16,"isdisplayed":true,"requisitioncolumnid":"df524868-9d0a-18e6-80f5-76304ded7ab9"},{"key":"numberOfNewPatientsAdded","name":"numberOfNewPatientsAdded","label":"Number of new patients added","indicator":"F","source":0,"definition":"New patients data.","requisitiontemplateid":"4b30f6c9-b84b-4f17-8173-852101a5ea29","displayorder":17,"isdisplayed":true,"requisitioncolumnid":"5708ebf9-9317-4420-85aa-71b2ae92643d","requisitioncolumnoptionid":"34b8e763-71a0-41f1-86b4-1829963f0704"},{"key":"totalCost","name":"totalCost","label":"Total cost","indicator":"Q","source":1,"definition":"Total cost of the product based on quantity requested. Will be blank if price is not defined.","requisitiontemplateid":"4b30f6c9-b84b-4f17-8173-852101a5ea29","displayorder":18,"isdisplayed":false,"requisitioncolumnid":"e3a0c1fc-c2d5-11e6-af2d-3417eb83144e"},{"key":"adjustedConsumption","name":"adjustedConsumption","label":"Adjusted consumption","indicator":"N","source":1,"definition":"Total consumed quantity after adjusting for stockout days. Quantified in dispensing units.","requisitiontemplateid":"4b30f6c9-b84b-4f17-8173-852101a5ea29","displayorder":19,"isdisplayed":true,"requisitioncolumnid":"720dd95b-b765-4afb-b7f2-7b22261c32f3"},{"key":"averageConsumption","name":"averageConsumption","label":"Average consumption","indicator":"P","source":1,"definition":"Average consumption over a specified number of periods/months. Quantified in dispensing units.","requisitiontemplateid":"4b30f6c9-b84b-4f17-8173-852101a5ea29","displayorder":20,"isdisplayed":true,"requisitioncolumnid":"89113ec3-40e9-4d81-9516-b56adba7f8cd"},{"key":"maximumStockQuantity","name":"maximumStockQuantity","label":"Maximum stock quantity","indicator":"H","source":1,"definition":"Maximum stock calculated based on consumption and max stock amounts. Quantified in dispensing units.","requisitiontemplateid":"4b30f6c9-b84b-4f17-8173-852101a5ea29","displayorder":21,"isdisplayed":true,"requisitioncolumnid":"913e1a4f-f3b0-40c6-a422-2f73608c6f3d","requisitioncolumnoptionid":"ff2b350c-37f2-4801-b21e-27ca12c12b3c"},{"key":"calculatedOrderQuantity","name":"calculatedOrderQuantity","label":"Calculated order quantity","indicator":"I","source":1,"definition":"Actual quantity needed after deducting stock in hand. This is quantified in dispensing units.","requisitiontemplateid":"4b30f6c9-b84b-4f17-8173-852101a5ea29","displayorder":22,"isdisplayed":true,"requisitioncolumnid":"5528576b-b1e7-48d9-bf32-fd0eefefaa9a"},{"key":"skipped","name":"skipped","label":"Skip","indicator":"S","source":0,"requisitiontemplateid":"f6d38acd-f928-4a23-9f03-d1b74a706baa","displayorder":1,"isdisplayed":true,"requisitioncolumnid":"c6dffdee-3813-40d9-8737-f531d5adf420"},{"key":"productCode","name":"orderable.productCode","label":"Product code","indicator":"O","source":2,"definition":"Unique identifier for each commodity/product.","requisitiontemplateid":"f6d38acd-f928-4a23-9f03-d1b74a706baa","displayorder":2,"isdisplayed":true,"requisitioncolumnid":"bde01507-3837-47b7-ae08-cec92c0c3cd2"},{"key":"productName","name":"orderable.name","label":"Product","indicator":"R","source":2,"definition":"Primary name of the product.","requisitiontemplateid":"f6d38acd-f928-4a23-9f03-d1b74a706baa","displayorder":3,"isdisplayed":true,"requisitioncolumnid":"e53e80de-fc63-4ecb-b6b2-ef376b34c926"},{"key":"beginningBalance","name":"beginningBalance","label":"Beginning balance","indicator":"A","source":0,"definition":"Based on the Stock On Hand from the previous period. This is quantified in dispensing units.","requisitiontemplateid":"f6d38acd-f928-4a23-9f03-d1b74a706baa","displayorder":4,"isdisplayed":true,"requisitioncolumnid":"33b2d2e9-3167-46b0-95d4-1295be9afc22"},{"key":"totalReceivedQuantity","name":"totalReceivedQuantity","label":"Total received quantity","indicator":"B","source":0,"definition":"Total quantity received in the reporting period. This is quantified in dispensing units.","requisitiontemplateid":"f6d38acd-f928-4a23-9f03-d1b74a706baa","displayorder":5,"isdisplayed":true,"requisitioncolumnid":"5ba8b72d-277a-4da8-b10a-23f0cda23cb4"},{"key":"totalConsumedQuantity","name":"totalConsumedQuantity","label":"Total consumed quantity","indicator":"C","source":0,"definition":"Quantity dispensed/consumed in the reporting period. This is quantified in dispensing units.","requisitiontemplateid":"f6d38acd-f928-4a23-9f03-d1b74a706baa","displayorder":6,"isdisplayed":true,"requisitioncolumnid":"9e825396-269d-4873-baa4-89054e2722f4"},{"key":"totalLossesAndAdjustments","name":"totalLossesAndAdjustments","label":"Total losses and adjustments","indicator":"D","source":0,"definition":"All kind of losses/adjustments made at the facility.","requisitiontemplateid":"f6d38acd-f928-4a23-9f03-d1b74a706baa","displayorder":7,"isdisplayed":true,"requisitioncolumnid":"cd57f329-f549-4717-882e-ecbf98122c38"},{"key":"stockOnHand","name":"stockOnHand","label":"Stock on hand","indicator":"E","source":1,"definition":"Current physical count of stock on hand. This is quantified in dispensing units.","requisitiontemplateid":"f6d38acd-f928-4a23-9f03-d1b74a706baa","displayorder":8,"isdisplayed":true,"requisitioncolumnid":"752cda76-0db5-4b6e-bb79-0f531ab78e2c"},{"key":"requestedQuantity","name":"requestedQuantity","label":"Requested quantity","indicator":"J","source":0,"definition":"Requested override of calculated quantity. This is quantified in dispensing units.","requisitiontemplateid":"f6d38acd-f928-4a23-9f03-d1b74a706baa","displayorder":9,"isdisplayed":true,"requisitioncolumnid":"4a2e9fd3-1127-4b68-9912-84a5c00f6999"},{"key":"requestedQuantityExplanation","name":"requestedQuantityExplanation","label":"Requested quantity explanation","indicator":"W","source":0,"definition":"Explanation of request for a quantity other than calculated order quantity.","requisitiontemplateid":"f6d38acd-f928-4a23-9f03-d1b74a706baa","displayorder":10,"isdisplayed":true,"requisitioncolumnid":"6b8d331b-a0dd-4a1f-aafb-40e6a72ab9f5"},{"key":"approvedQuantity","name":"approvedQuantity","label":"Approved quantity","indicator":"K","source":0,"definition":"Final approved quantity. This is quantified in dispensing units.","requisitiontemplateid":"f6d38acd-f928-4a23-9f03-d1b74a706baa","displayorder":11,"isdisplayed":true,"requisitioncolumnid":"a62a5fed-c0b6-4d49-8a96-c631da0d0113"},{"key":"remarks","name":"remarks","label":"Remarks","indicator":"L","source":0,"definition":"Any additional remarks.","requisitiontemplateid":"f6d38acd-f928-4a23-9f03-d1b74a706baa","displayorder":12,"isdisplayed":true,"requisitioncolumnid":"2ed8c74a-f424-4742-bd14-cfbe67b6e7be"},{"key":"totalStockoutDays","name":"totalStockoutDays","label":"Total stockout days","indicator":"X","source":0,"definition":"Total number of days facility was out of stock.","requisitiontemplateid":"f6d38acd-f928-4a23-9f03-d1b74a706baa","displayorder":13,"isdisplayed":true,"requisitioncolumnid":"750b9359-c097-4612-8328-d21671f88920"},{"key":"total","name":"total","label":"Total","indicator":"Y","source":1,"definition":"Total of beginning balance and quantity received.","requisitiontemplateid":"f6d38acd-f928-4a23-9f03-d1b74a706baa","displayorder":14,"isdisplayed":true,"requisitioncolumnid":"ef524868-9d0a-11e6-80f5-76304dec7eb7"},{"key":"packsToShip","name":"packsToShip","label":"Packs to ship","indicator":"V","source":1,"definition":"Total packs to be shipped based on pack size and applying rounding rules.","requisitiontemplateid":"f6d38acd-f928-4a23-9f03-d1b74a706baa","displayorder":15,"isdisplayed":true,"requisitioncolumnid":"dc9dde56-593d-4929-81be-d1faec7025a8"},{"key":"pricePerPack","name":"pricePerPack","label":"Price per pack","indicator":"T","source":2,"definition":"Price per pack. Will be blank if price is not defined.","requisitiontemplateid":"f6d38acd-f928-4a23-9f03-d1b74a706baa","displayorder":16,"isdisplayed":true,"requisitioncolumnid":"df524868-9d0a-18e6-80f5-76304ded7ab9"},{"key":"numberOfNewPatientsAdded","name":"numberOfNewPatientsAdded","label":"Number of new patients added","indicator":"F","source":0,"definition":"New patients data.","requisitiontemplateid":"f6d38acd-f928-4a23-9f03-d1b74a706baa","displayorder":17,"isdisplayed":true,"requisitioncolumnid":"5708ebf9-9317-4420-85aa-71b2ae92643d","requisitioncolumnoptionid":"4957ebb4-297c-459e-a291-812e72286eff"},{"key":"totalCost","name":"totalCost","label":"Total cost","indicator":"Q","source":1,"definition":"Total cost of the product based on quantity requested. Will be blank if price is not defined.","requisitiontemplateid":"f6d38acd-f928-4a23-9f03-d1b74a706baa","displayorder":18,"isdisplayed":true,"requisitioncolumnid":"e3a0c1fc-c2d5-11e6-af2d-3417eb83144e"},{"key":"adjustedConsumption","name":"adjustedConsumption","label":"Adjusted consumption","indicator":"N","source":1,"definition":"Total consumed quantity after adjusting for stockout days. Quantified in dispensing units.","requisitiontemplateid":"f6d38acd-f928-4a23-9f03-d1b74a706baa","displayorder":19,"isdisplayed":true,"requisitioncolumnid":"720dd95b-b765-4afb-b7f2-7b22261c32f3"},{"key":"averageConsumption","name":"averageConsumption","label":"Average consumption","indicator":"P","source":1,"definition":"Average consumption over a specified number of periods/months. Quantified in dispensing units.","requisitiontemplateid":"f6d38acd-f928-4a23-9f03-d1b74a706baa","displayorder":20,"isdisplayed":true,"requisitioncolumnid":"89113ec3-40e9-4d81-9516-b56adba7f8cd"},{"key":"maximumStockQuantity","name":"maximumStockQuantity","label":"Maximum stock quantity","indicator":"H","source":1,"definition":"Maximum stock calculated based on consumption and max stock amounts. Quantified in dispensing units.","requisitiontemplateid":"f6d38acd-f928-4a23-9f03-d1b74a706baa","displayorder":21,"isdisplayed":true,"requisitioncolumnid":"913e1a4f-f3b0-40c6-a422-2f73608c6f3d","requisitioncolumnoptionid":"ff2b350c-37f2-4801-b21e-27ca12c12b3c"},{"key":"calculatedOrderQuantity","name":"calculatedOrderQuantity","label":"Calculated order quantity","indicator":"I","source":1,"definition":"Actual quantity needed after deducting stock in hand. This is quantified in dispensing units.","requisitiontemplateid":"f6d38acd-f928-4a23-9f03-d1b74a706baa","displayorder":22,"isdisplayed":true,"requisitioncolumnid":"5528576b-b1e7-48d9-bf32-fd0eefefaa9a"}]'));
INSERT INTO requisition.requisitions (SELECT * FROM json_populate_recordset(NULL::requisition.requisitions, '[{"id":"fd575c05-c469-4bb4-b5d3-4e8937a8c1ff","status":"AUTHORIZED","emergency":"false","createddate":"2016-03-30T15:43:16Z","modifieddate":"2016-03-30T15:43:16Z","facilityid":"e6799d64-d10d-4011-b8c2-0e4d4a3f65ce","programid":"dce17f2e-af3e-40ad-8e00-3496adef44c3","processingperiodid":"516ac930-0d28-49f5-a178-64764e22b236","supplyingfacilityid":"e6799d64-d10d-4011-b8c2-0e4d4a3f65ce","supervisorynodeid":"fb38bd1c-beeb-4527-8345-900900329c10","templateid":"5a268780-fafd-4243-9551-5c7daa824913","numberofmonthsinperiod":1},{"id":"c6ce0209-6caf-4f40-bea8-01ce529fdc67","status":"AUTHORIZED","emergency":"false","createddate":"2016-04-26T15:43:16Z","modifieddate":"2016-04-26T15:43:16Z","facilityid":"e6799d64-d10d-4011-b8c2-0e4d4a3f65ce","programid":"dce17f2e-af3e-40ad-8e00-3496adef44c3","processingperiodid":"04ec3c83-a086-4792-b7a3-c46559b7f6cd","supplyingfacilityid":"e6799d64-d10d-4011-b8c2-0e4d4a3f65ce","supervisorynodeid":"fb38bd1c-beeb-4527-8345-900900329c10","templateid":"5a268780-fafd-4243-9551-5c7daa824913","numberofmonthsinperiod":1},{"id":"074a49af-12c3-429f-b5da-ed3f9e65787c","status":"AUTHORIZED","emergency":"false","createddate":"2016-04-26T15:43:16Z","modifieddate":"2016-04-26T15:43:16Z","facilityid":"e6799d64-d10d-4011-b8c2-0e4d4a3f65ce","programid":"dce17f2e-af3e-40ad-8e00-3496adef44c3","processingperiodid":"61694e82-1be6-40a4-9aaa-bfbb720a0d7d","supplyingfacilityid":"e6799d64-d10d-4011-b8c2-0e4d4a3f65ce","supervisorynodeid":"fb38bd1c-beeb-4527-8345-900900329c10","templateid":"5a268780-fafd-4243-9551-5c7daa824913","numberofmonthsinperiod":1},{"id":"6167e65c-6f56-4aeb-bff5-fdfe84e01a21","status":"INITIATED","emergency":"false","createddate":"2016-05-10T15:43:16Z","modifieddate":"2016-05-10T15:43:16Z","facilityid":"e6799d64-d10d-4011-b8c2-0e4d4a3f65ce","programid":"dce17f2e-af3e-40ad-8e00-3496adef44c3","processingperiodid":"c9287c65-67fa-4958-adb6-52069f2b1379","supplyingfacilityid":"e6799d64-d10d-4011-b8c2-0e4d4a3f65ce","templateid":"5a268780-fafd-4243-9551-5c7daa824913","numberofmonthsinperiod":1},{"id":"8c7f1a6d-d139-483a-ad60-4288016f3d23","status":"AUTHORIZED","emergency":"false","createddate":"2016-04-30T16:21:33Z","modifieddate":"2016-04-30T16:21:33Z","facilityid":"13037147-1769-4735-90a7-b9b310d128b8","programid":"10845cb9-d365-4aaa-badd-b4fa39c6a26a","processingperiodid":"f419bcd8-ac7a-4b75-8c84-c065ef437938","supplyingfacilityid":"ab95f1cf-ae8d-4888-ba9d-05141d3f50de","supervisorynodeid":"fb38bd1c-beeb-4527-8345-900900329c10","templateid":"4b30f6c9-b84b-4f17-8173-852101a5ea29","numberofmonthsinperiod":3},{"id":"21d138bc-f2c2-4188-adf3-a3aae381abde","status":"APPROVED","emergency":"false","createddate":"2016-05-30T17:00:56Z","modifieddate":"2016-05-30T17:00:56Z","facilityid":"7938919f-6f61-4d1a-a4dc-923c31e9cd45","programid":"dce17f2e-af3e-40ad-8e00-3496adef44c3","processingperiodid":"7880be4f-6582-472a-9ea5-a6baed71e6e5","supplyingfacilityid":"e6799d64-d10d-4011-b8c2-0e4d4a3f65ce","supervisorynodeid":"fb38bd1c-beeb-4527-8345-900900329c10","templateid":"5a268780-fafd-4243-9551-5c7daa824913","numberofmonthsinperiod":3},{"id":"122508c9-f77b-4401-8dd7-00272c7f7919","status":"SKIPPED","emergency":"false","createddate":"2016-07-30T14:00:01Z","modifieddate":"2016-07-30T14:00:01Z","facilityid":"ab95f1cf-ae8d-4888-ba9d-05141d3f50de","programid":"dce17f2e-af3e-40ad-8e00-3496adef44c3","processingperiodid":"a4eefb4e-2bb6-4793-9f70-2cc5365de7c6","supplyingfacilityid":"7938919f-6f61-4d1a-a4dc-923c31e9cd45","templateid":"5a268780-fafd-4243-9551-5c7daa824913","numberofmonthsinperiod":3},{"id":"f152b9bb-c1e2-40b6-b381-28d739208662","status":"RELEASED","emergency":"true","createddate":"2016-04-29T16:45:22Z","modifieddate":"2016-04-29T16:45:22Z","facilityid":"7938919f-6f61-4d1a-a4dc-923c31e9cd45","programid":"dce17f2e-af3e-40ad-8e00-3496adef44c3","processingperiodid":"516ac930-0d28-49f5-a178-64764e22b236","supplyingfacilityid":"e6799d64-d10d-4011-b8c2-0e4d4a3f65ce","supervisorynodeid":"fb38bd1c-beeb-4527-8345-900900329c10","templateid":"5a268780-fafd-4243-9551-5c7daa824913","numberofmonthsinperiod":1},{"id":"89bd3422-9ada-4369-8ee3-5747fa79c92d","status":"RELEASED","emergency":"false","createddate":"2016-06-12T12:22:20Z","modifieddate":"2016-06-12T12:22:20Z","facilityid":"13037147-1769-4735-90a7-b9b310d128b8","programid":"10845cb9-d365-4aaa-badd-b4fa39c6a26a","processingperiodid":"516ac930-0d28-49f5-a178-64764e22b236","supplyingfacilityid":"e6799d64-d10d-4011-b8c2-0e4d4a3f65ce","supervisorynodeid":"fb38bd1c-beeb-4527-8345-900900329c10","templateid":"4b30f6c9-b84b-4f17-8173-852101a5ea29","numberofmonthsinperiod":1},{"id":"276353fb-970f-4638-8ead-3e97c9450aa3","status":"RELEASED","emergency":"false","createddate":"2016-06-14T12:00:00Z","modifieddate":"2016-06-14T12:00:00Z","facilityid":"7938919f-6f61-4d1a-a4dc-923c31e9cd45","programid":"dce17f2e-af3e-40ad-8e00-3496adef44c3","processingperiodid":"516ac930-0d28-49f5-a178-64764e22b236","supplyingfacilityid":"e6799d64-d10d-4011-b8c2-0e4d4a3f65ce","supervisorynodeid":"fb38bd1c-beeb-4527-8345-900900329c10","templateid":"5a268780-fafd-4243-9551-5c7daa824913","numberofmonthsinperiod":1},{"id":"fbb8d966-e3d1-42e5-825f-f75dd63b9a0a","status":"RELEASED","emergency":"false","createddate":"2016-06-20T17:17:17Z","modifieddate":"2016-06-20T17:17:17Z","facilityid":"13037147-1769-4735-90a7-b9b310d128b8","programid":"10845cb9-d365-4aaa-badd-b4fa39c6a26a","processingperiodid":"516ac930-0d28-49f5-a178-64764e22b236","supplyingfacilityid":"e6799d64-d10d-4011-b8c2-0e4d4a3f65ce","supervisorynodeid":"fb38bd1c-beeb-4527-8345-900900329c10","templateid":"4b30f6c9-b84b-4f17-8173-852101a5ea29","numberofmonthsinperiod":1},{"id":"2a5a3b0c-9769-11e6-ae22-56b6b6499611","status":"APPROVED","emergency":"false","createddate":"2016-06-20T18:17:17Z","modifieddate":"2016-06-20T18:17:17Z","facilityid":"13037147-1769-4735-90a7-b9b310d128b8","programid":"dce17f2e-af3e-40ad-8e00-3496adef44c3","processingperiodid":"516ac930-0d28-49f5-a178-64764e22b236","supplyingfacilityid":"e6799d64-d10d-4011-b8c2-0e4d4a3f65ce","supervisorynodeid":"9f470265-0770-4dd1-bd5a-cf8fe3734d79","templateid":"5a268780-fafd-4243-9551-5c7daa824913","numberofmonthsinperiod":1},{"id":"05883300-976a-11e6-ae22-56b6b6499611","status":"APPROVED","emergency":"true","createddate":"2016-06-20T19:17:17Z","modifieddate":"2016-06-20T19:17:17Z","facilityid":"7938919f-6f61-4d1a-a4dc-923c31e9cd45","programid":"10845cb9-d365-4aaa-badd-b4fa39c6a26a","processingperiodid":"516ac930-0d28-49f5-a178-64764e22b236","supplyingfacilityid":"7938919f-6f61-4d1a-a4dc-923c31e9cd45","supervisorynodeid":"fb38bd1c-beeb-4527-8345-900900329c10","templateid":"4b30f6c9-b84b-4f17-8173-852101a5ea29","numberofmonthsinperiod":1}]'));
INSERT INTO requisition.requisition_line_items (SELECT * FROM json_populate_recordset(NULL::requisition.requisition_line_items, '[{"id":"99118ee8-ec30-400a-bb05-0b1512bd4fb8","skipped":"false","orderableid":"7b9b66e0-f008-4c38-93ec-7a5f4868cca9","requisitionid":"fd575c05-c469-4bb4-b5d3-4e8937a8c1ff","stockonhand":10,"beginningbalance":5,"totalreceivedquantity":5,"requestedquantity":15,"totalconsumedquantity":10,"requestedquantityexplanation":"Some test explanation","totalstockoutdays":0,"maxperiodsofstock":500,"nonfullsupply":false,"adjustedconsumption":10,"averageconsumption":10,"priceperpack":5.1},{"id":"ad4fe511-43ba-4b3c-8ea3-602c469aca6f","skipped":"false","orderableid":"7f7b83db-580d-4269-88d2-7f9c80a591a9","requisitionid":"fd575c05-c469-4bb4-b5d3-4e8937a8c1ff","stockonhand":1000,"beginningbalance":400,"totalreceivedquantity":800,"requestedquantity":800,"totalconsumedquantity":1200,"requestedquantityexplanation":"Some test explanation","totalstockoutdays":0,"maxperiodsofstock":500,"nonfullsupply":true,"adjustedconsumption":1200,"averageconsumption":1200,"priceperpack":20.77},{"id":"f27415c4-7049-46a6-9e59-818990c85390","skipped":"false","orderableid":"7b9b66e0-f008-4c38-93ec-7a5f4868cca9","requisitionid":"c6ce0209-6caf-4f40-bea8-01ce529fdc67","stockonhand":100,"beginningbalance":100,"totalreceivedquantity":16,"requestedquantity":500,"totalconsumedquantity":16,"requestedquantityexplanation":"Too few left to make any use out of it.","totalstockoutdays":0,"maxperiodsofstock":500,"nonfullsupply":false,"adjustedconsumption":16,"averageconsumption":13,"priceperpack":5.1},{"id":"05119a44-5f7a-4ad3-b49f-739661304c59","skipped":"false","orderableid":"7f7b83db-580d-4269-88d2-7f9c80a591a9","requisitionid":"c6ce0209-6caf-4f40-bea8-01ce529fdc67","stockonhand":200,"beginningbalance":300,"totalreceivedquantity":0,"requestedquantity":0,"requestedquantityexplanation":"we need more","totalconsumedquantity":100,"totalstockoutdays":0,"maxperiodsofstock":500,"nonfullsupply":true,"adjustedconsumption":100,"averageconsumption":650,"priceperpack":20.77},{"id":"2efd35db-fa98-4a1a-b711-1aaa9d6b1fcc","remarks":"fudge","skipped":"false","orderableid":"d602d0c6-4052-456c-8ccd-61b4ad77bece","requisitionid":"074a49af-12c3-429f-b5da-ed3f9e65787c","beginningbalance":100,"totalreceivedquantity":0,"totallossesandadjustments":0,"stockonhand":50,"requestedquantity":50,"requestedquantityexplanation":"we need more","totalconsumedquantity":50,"approvedquantity":0,"totalstockoutdays":0,"maxperiodsofstock":1000,"nonfullsupply":false,"adjustedconsumption":50,"averageconsumption":50,"priceperpack":5.23},{"id":"90df5393-16e8-419b-8a36-3f5daf9a0f89","remarks":"","skipped":"false","orderableid":"23819693-0670-4c4b-b400-28e009b86b51","requisitionid":"074a49af-12c3-429f-b5da-ed3f9e65787c","beginningbalance":200,"totalreceivedquantity":0,"totallossesandadjustments":0,"stockonhand":0,"requestedquantity":0,"requestedquantityexplanation":"we need more","totalconsumedquantity":200,"approvedquantity":999,"totalstockoutdays":0,"maxperiodsofstock":1000,"nonfullsupply":false,"adjustedconsumption":200,"averageconsumption":200,"priceperpack":15.94},{"id":"4b5cde6e-2771-4b64-afd1-5ee4f4452fda","remarks":"","skipped":"false","orderableid":"bfde33c3-83f1-4feb-a27c-842852f66b71","requisitionid":"074a49af-12c3-429f-b5da-ed3f9e65787c","beginningbalance":100,"totalreceivedquantity":0,"totallossesandadjustments":0,"stockonhand":90,"requestedquantity":0,"requestedquantityexplanation":"we need more","totalconsumedquantity":10,"approvedquantity":1278,"totalstockoutdays":0,"maxperiodsofstock":500,"nonfullsupply":false,"adjustedconsumption":10,"averageconsumption":10,"priceperpack":25.46},{"id":"6e3b9044-eb81-45a9-9567-3461cfa6e1d7","remarks":"","skipped":"false","orderableid":"880cf2eb-7b68-4450-a037-a0dec1a17987","requisitionid":"074a49af-12c3-429f-b5da-ed3f9e65787c","beginningbalance":500,"totalreceivedquantity":0,"totallossesandadjustments":0,"stockonhand":0,"requestedquantity":0,"requestedquantityexplanation":"we need more","totalconsumedquantity":500,"approvedquantity":2019,"totalstockoutdays":0,"maxperiodsofstock":500,"nonfullsupply":true,"adjustedconsumption":500,"averageconsumption":500,"priceperpack":30.98},{"id":"8e724d8f-d714-409b-baa9-fe732d7175a7","remarks":"fudge","skipped":"false","orderableid":"7b9b66e0-f008-4c38-93ec-7a5f4868cca9","requisitionid":"074a49af-12c3-429f-b5da-ed3f9e65787c","beginningbalance":100,"totalreceivedquantity":0,"totallossesandadjustments":0,"stockonhand":50,"requestedquantity":50,"requestedquantityexplanation":"we need more","totalconsumedquantity":50,"approvedquantity":0,"totalstockoutdays":0,"maxperiodsofstock":500,"nonfullsupply":false,"adjustedconsumption":50,"averageconsumption":33,"priceperpack":5.1},{"id":"46c607b1-a8da-40de-93d6-9dcae3a34068","remarks":"","skipped":"false","orderableid":"7f7b83db-580d-4269-88d2-7f9c80a591a9","requisitionid":"074a49af-12c3-429f-b5da-ed3f9e65787c","beginningbalance":200,"totalreceivedquantity":0,"totallossesandadjustments":0,"stockonhand":0,"requestedquantity":0,"requestedquantityexplanation":"we need more","totalconsumedquantity":200,"approvedquantity":999,"totalstockoutdays":0,"maxperiodsofstock":500,"nonfullsupply":true,"adjustedconsumption":200,"averageconsumption":150,"priceperpack":20.77},{"id":"8c8026b8-0ae8-4adb-b2ca-bfb0dfb030a5","skipped":"false","orderableid":"d602d0c6-4052-456c-8ccd-61b4ad77bece","requisitionid":"6167e65c-6f56-4aeb-bff5-fdfe84e01a21","beginningbalance":50,"totalreceivedquantity":0,"totallossesandadjustments":0,"stockonhand":0,"requestedquantity":0,"requestedquantityexplanation":"we need more","totalconsumedquantity":0,"totalstockoutdays":0,"maxperiodsofstock":1000,"nonfullsupply":false,"adjustedconsumption":0,"averageconsumption":25,"priceperpack":5.23},{"id":"552eb0f7-fc57-4916-bb54-0c3c9540420a","skipped":"false","orderableid":"23819693-0670-4c4b-b400-28e009b86b51","requisitionid":"6167e65c-6f56-4aeb-bff5-fdfe84e01a21","beginningbalance":0,"totalreceivedquantity":0,"totallossesandadjustments":0,"stockonhand":0,"requestedquantity":0,"requestedquantityexplanation":"we need more","totalconsumedquantity":0,"totalstockoutdays":0,"maxperiodsofstock":1000,"nonfullsupply":false,"adjustedconsumption":0,"averageconsumption":100,"priceperpack":15.94},{"id":"bcbd9a7c-6068-40d9-90ab-cb090fd6ed8c","skipped":"false","orderableid":"bfde33c3-83f1-4feb-a27c-842852f66b71","requisitionid":"6167e65c-6f56-4aeb-bff5-fdfe84e01a21","beginningbalance":90,"totalreceivedquantity":0,"totallossesandadjustments":0,"stockonhand":0,"requestedquantity":0,"requestedquantityexplanation":"we need more","totalconsumedquantity":0,"totalstockoutdays":0,"maxperiodsofstock":500,"nonfullsupply":false,"adjustedconsumption":0,"averageconsumption":5,"priceperpack":25.46},{"id":"502eb011-27bc-4f7f-bb1f-6425ae66a5d5","skipped":"false","orderableid":"880cf2eb-7b68-4450-a037-a0dec1a17987","requisitionid":"6167e65c-6f56-4aeb-bff5-fdfe84e01a21","beginningbalance":0,"totalreceivedquantity":0,"totallossesandadjustments":0,"stockonhand":0,"requestedquantity":0,"requestedquantityexplanation":"we need more","totalconsumedquantity":0,"totalstockoutdays":0,"maxperiodsofstock":500,"nonfullsupply":true,"adjustedconsumption":0,"averageconsumption":250,"priceperpack":30.98},{"id":"5b449a32-aedf-4a8b-a9d7-c3b665ad76e2","skipped":"false","orderableid":"7b9b66e0-f008-4c38-93ec-7a5f4868cca9","requisitionid":"6167e65c-6f56-4aeb-bff5-fdfe84e01a21","beginningbalance":50,"totalreceivedquantity":0,"totallossesandadjustments":0,"stockonhand":0,"requestedquantity":0,"requestedquantityexplanation":"we need more","totalconsumedquantity":0,"totalstockoutdays":0,"maxperiodsofstock":500,"nonfullsupply":false,"adjustedconsumption":0,"averageconsumption":25,"priceperpack":5.1},{"id":"89e46600-aa5a-4cc9-8bfd-67be8e907778","skipped":"false","orderableid":"7f7b83db-580d-4269-88d2-7f9c80a591a9","requisitionid":"6167e65c-6f56-4aeb-bff5-fdfe84e01a21","beginningbalance":0,"totalreceivedquantity":0,"totallossesandadjustments":0,"stockonhand":0,"requestedquantity":0,"requestedquantityexplanation":"we need more","totalconsumedquantity":0,"totalstockoutdays":0,"maxperiodsofstock":500,"nonfullsupply":true,"adjustedconsumption":0,"averageconsumption":100,"priceperpack":4.34},{"id":"ac49b686-c74c-4684-a635-d777ee298cd2","skipped":"false","orderableid":"103396e1-f5e4-4754-bb7b-1c799097dfea","requisitionid":"8c7f1a6d-d139-483a-ad60-4288016f3d23","stockonhand":250,"beginningbalance":50,"totalreceivedquantity":250,"requestedquantity":250,"totalconsumedquantity":300,"requestedquantityexplanation":"Some test explanation","totalstockoutdays":0,"maxperiodsofstock":10,"nonfullsupply":false,"priceperpack":2.13},{"id":"1d0d970f-c619-40db-ae81-6d8990505502","skipped":"false","orderableid":"103396e1-f5e4-4754-bb7b-1c799097dfea","requisitionid":"8c7f1a6d-d139-483a-ad60-4288016f3d23","stockonhand":30000,"beginningbalance":1000,"totalreceivedquantity":30000,"requestedquantity":35000,"totalconsumedquantity":31000,"requestedquantityexplanation":"Some test explanation","totalstockoutdays":0,"maxperiodsofstock":10,"nonfullsupply":false,"priceperpack":2.13},{"id":"a6d8a940-4172-4fb9-9c5b-2ac238851dab","skipped":"false","orderableid":"7b9b66e0-f008-4c38-93ec-7a5f4868cca9","requisitionid":"21d138bc-f2c2-4188-adf3-a3aae381abde","stockonhand":30000,"beginningbalance":1000,"totalreceivedquantity":30000,"requestedquantity":35000,"requestedquantityexplanation":"we need more","totalconsumedquantity":31000,"totalstockoutdays":0,"approvedquantity":0,"maxperiodsofstock":500,"nonfullsupply":false,"priceperpack":5.1},{"id":"7bfa442a-88c8-4004-917b-fe0d6c979591","skipped":"false","orderableid":"bfde33c3-83f1-4feb-a27c-842852f66b71","requisitionid":"21d138bc-f2c2-4188-adf3-a3aae381abde","stockonhand":30000,"beginningbalance":1000,"totalreceivedquantity":30000,"requestedquantity":35000,"requestedquantityexplanation":"we need more","totalconsumedquantity":31000,"totalstockoutdays":0,"approvedquantity":0,"maxperiodsofstock":500,"nonfullsupply":false,"priceperpack":25.46},{"id":"93f4cbb4-0d10-452c-a05f-04994b028135","skipped":"false","orderableid":"bac90734-6e58-426e-849b-331286ec77d2","requisitionid":"122508c9-f77b-4401-8dd7-00272c7f7919","stockonhand":30000,"beginningbalance":1000,"totalreceivedquantity":30000,"requestedquantity":35000,"requestedquantityexplanation":"we need more","totalconsumedquantity":31000,"totalstockoutdays":0,"maxperiodsofstock":30,"nonfullsupply":false,"priceperpack":5.153},{"id":"f2ccd66c-f608-4eaa-8eea-22daba187a5a","skipped":"false","orderableid":"c9e65f02-f84f-4ba2-85f7-e2cb6f0989af","requisitionid":"122508c9-f77b-4401-8dd7-00272c7f7919","stockonhand":30000,"beginningbalance":1000,"totalreceivedquantity":30000,"requestedquantity":35000,"requestedquantityexplanation":"we need more","totalconsumedquantity":31000,"totalstockoutdays":0,"maxperiodsofstock":30,"nonfullsupply":false,"priceperpack":4.1344},{"id":"682baaa0-9a68-40a2-97a4-a2cafb8fcce6","remarks":"fudge","skipped":"false","orderableid":"7b9b66e0-f008-4c38-93ec-7a5f4868cca9","requisitionid":"f152b9bb-c1e2-40b6-b381-28d739208662","beginningbalance":100,"totalreceivedquantity":0,"totallossesandadjustments":0,"stockonhand":50,"requestedquantity":50,"requestedquantityexplanation":"we need more","totalconsumedquantity":50,"approvedquantity":0,"totalstockoutdays":0,"maxperiodsofstock":500,"nonfullsupply":false,"priceperpack":5.1},{"id":"a2ab1bea-5833-4fa6-9c8f-ea4cba43a6da","remarks":"","skipped":"false","orderableid":"bfde33c3-83f1-4feb-a27c-842852f66b71","requisitionid":"f152b9bb-c1e2-40b6-b381-28d739208662","beginningbalance":200,"totalreceivedquantity":0,"totallossesandadjustments":0,"stockonhand":0,"requestedquantity":0,"requestedquantityexplanation":"we need more","totalconsumedquantity":200,"approvedquantity":999,"totalstockoutdays":0,"maxperiodsofstock":500,"nonfullsupply":false,"priceperpack":25.46},{"id":"d2529049-6e96-4ca0-870e-6d9819bfb17d","remarks":"","skipped":"false","orderableid":"2400e410-b8dd-4954-b1c0-80d8a8e785fc","requisitionid":"89bd3422-9ada-4369-8ee3-5747fa79c92d","beginningbalance":100,"totalreceivedquantity":0,"totallossesandadjustments":0,"stockonhand":90,"requestedquantity":0,"requestedquantityexplanation":"we need more","totalconsumedquantity":10,"approvedquantity":1278,"totalstockoutdays":0,"maxperiodsofstock":5.5,"nonfullsupply":false,"priceperpack":3.16},{"id":"818b66c2-27c3-4662-9644-db8da5afacbe","remarks":"","skipped":"false","orderableid":"103396e1-f5e4-4754-bb7b-1c799097dfea","requisitionid":"89bd3422-9ada-4369-8ee3-5747fa79c92d","beginningbalance":500,"totalreceivedquantity":0,"totallossesandadjustments":0,"stockonhand":0,"requestedquantity":0,"requestedquantityexplanation":"we need more","totalconsumedquantity":500,"approvedquantity":2019,"totalstockoutdays":0,"maxperiodsofstock":10,"nonfullsupply":false,"priceperpack":2.13},{"id":"982943fe-c8a7-468c-9622-dd1a345ce459","remarks":"fudge","skipped":"false","orderableid":"7b9b66e0-f008-4c38-93ec-7a5f4868cca9","requisitionid":"276353fb-970f-4638-8ead-3e97c9450aa3","beginningbalance":100,"totalreceivedquantity":0,"totallossesandadjustments":0,"stockonhand":50,"requestedquantity":50,"requestedquantityexplanation":"we need more","totalconsumedquantity":50,"approvedquantity":0,"totalstockoutdays":0,"maxperiodsofstock":500,"nonfullsupply":false,"priceperpack":5.1},{"id":"14e25f19-1857-4ab0-b426-2893cef14663","remarks":"","skipped":"false","orderableid":"bfde33c3-83f1-4feb-a27c-842852f66b71","requisitionid":"276353fb-970f-4638-8ead-3e97c9450aa3","beginningbalance":200,"totalreceivedquantity":0,"totallossesandadjustments":0,"stockonhand":0,"requestedquantity":0,"requestedquantityexplanation":"we need more","totalconsumedquantity":200,"approvedquantity":999,"totalstockoutdays":0,"maxperiodsofstock":500,"nonfullsupply":false,"priceperpack":25.46},{"id":"a9280f48-5d7f-48b8-9064-10e4d4c567fb","remarks":"","skipped":"false","orderableid":"2400e410-b8dd-4954-b1c0-80d8a8e785fc","requisitionid":"fbb8d966-e3d1-42e5-825f-f75dd63b9a0a","beginningbalance":100,"totalreceivedquantity":0,"totallossesandadjustments":0,"stockonhand":90,"requestedquantity":0,"requestedquantityexplanation":"we need more","totalconsumedquantity":10,"approvedquantity":1278,"totalstockoutdays":0,"maxperiodsofstock":5.5,"nonfullsupply":false,"priceperpack":3.16},{"id":"21297efb-af7c-4342-8b00-d15c324d5282","remarks":"","skipped":"false","orderableid":"103396e1-f5e4-4754-bb7b-1c799097dfea","requisitionid":"fbb8d966-e3d1-42e5-825f-f75dd63b9a0a","beginningbalance":500,"totalreceivedquantity":0,"totallossesandadjustments":0,"stockonhand":0,"requestedquantity":0,"requestedquantityexplanation":"we need more","totalconsumedquantity":500,"approvedquantity":2019,"totalstockoutdays":0,"maxperiodsofstock":10,"nonfullsupply":false,"priceperpack":2.13}]'));
INSERT INTO requisition.jasper_templates (SELECT * FROM json_populate_recordset(NULL::requisition.jasper_templates, '[{"id":"4a052c83-4607-4a32-9e78-1f18c94d88e4","data":"\\xaced0005737200286e65742e73662e6a61737065727265706f7274732e656e67696e652e4a61737065725265706f727400000000000027d80200034c000b636f6d70696c65446174617400164c6a6176612f696f2f53657269616c697a61626c653b4c0011636f6d70696c654e616d655375666669787400124c6a6176612f6c616e672f537472696e673b4c000d636f6d70696c6572436c61737371007e00027872002d6e65742e73662e6a61737065727265706f7274732e656e67696e652e626173652e4a52426173655265706f727400000000000027d802002b49001950534555444f5f53455249414c5f56455253494f4e5f55494449000c626f74746f6d4d617267696e49000b636f6c756d6e436f756e7449000d636f6c756d6e53706163696e6749000b636f6c756d6e57696474685a001069676e6f7265506167696e6174696f6e5a00136973466c6f6174436f6c756d6e466f6f7465725a0010697353756d6d6172794e6577506167655a0020697353756d6d6172795769746850616765486561646572416e64466f6f7465725a000e69735469746c654e65775061676549000a6c6566744d617267696e42000b6f7269656e746174696f6e49000a7061676548656967687449000970616765576964746842000a7072696e744f7264657249000b72696768744d617267696e490009746f704d617267696e42000e7768656e4e6f44617461547970654c000a6261636b67726f756e647400244c6e65742f73662f6a61737065727265706f7274732f656e67696e652f4a5242616e643b4c000f636f6c756d6e446972656374696f6e7400334c6e65742f73662f6a61737065727265706f7274732f656e67696e652f747970652f52756e446972656374696f6e456e756d3b4c000c636f6c756d6e466f6f74657271007e00044c000c636f6c756d6e48656164657271007e00045b000864617461736574737400285b4c6e65742f73662f6a61737065727265706f7274732f656e67696e652f4a52446174617365743b4c000c64656661756c745374796c657400254c6e65742f73662f6a61737065727265706f7274732f656e67696e652f4a525374796c653b4c000664657461696c71007e00044c000d64657461696c53656374696f6e7400274c6e65742f73662f6a61737065727265706f7274732f656e67696e652f4a5253656374696f6e3b4c0012666f726d6174466163746f7279436c61737371007e00024c000a696d706f72747353657474000f4c6a6176612f7574696c2f5365743b4c00086c616e677561676571007e00024c000e6c61737450616765466f6f74657271007e00044c000b6d61696e446174617365747400274c6e65742f73662f6a61737065727265706f7274732f656e67696e652f4a52446174617365743b4c00046e616d6571007e00024c00066e6f4461746171007e00044c00106f7269656e746174696f6e56616c75657400324c6e65742f73662f6a61737065727265706f7274732f656e67696e652f747970652f4f7269656e746174696f6e456e756d3b4c000a70616765466f6f74657271007e00044c000a7061676548656164657271007e00044c000f7072696e744f7264657256616c75657400314c6e65742f73662f6a61737065727265706f7274732f656e67696e652f747970652f5072696e744f72646572456e756d3b4c000b73656374696f6e547970657400324c6e65742f73662f6a61737065727265706f7274732f656e67696e652f747970652f53656374696f6e54797065456e756d3b5b00067374796c65737400265b4c6e65742f73662f6a61737065727265706f7274732f656e67696e652f4a525374796c653b4c000773756d6d61727971007e00045b000974656d706c6174657374002f5b4c6e65742f73662f6a61737065727265706f7274732f656e67696e652f4a525265706f727454656d706c6174653b4c00057469746c6571007e00044c00137768656e4e6f446174615479706556616c75657400354c6e65742f73662f6a61737065727265706f7274732f656e67696e652f747970652f5768656e4e6f4461746154797065456e756d3b78700000ea62000000140000000100000000000002f0000000000000000014000000026400000318000000001400000014007372002b6e65742e73662e6a61737065727265706f7274732e656e67696e652e626173652e4a524261736542616e6400000000000027d802000849001950534555444f5f53455249414c5f56455253494f4e5f5549444900066865696768745a000e697353706c6974416c6c6f7765644c00137072696e745768656e45787072657373696f6e74002a4c6e65742f73662f6a61737065727265706f7274732f656e67696e652f4a5245787072657373696f6e3b4c000d70726f706572746965734d617074002d4c6e65742f73662f6a61737065727265706f7274732f656e67696e652f4a5250726f706572746965734d61703b4c000c72657475726e56616c7565737400104c6a6176612f7574696c2f4c6973743b4c000973706c6974547970657400104c6a6176612f6c616e672f427974653b4c000e73706c69745479706556616c75657400304c6e65742f73662f6a61737065727265706f7274732f656e67696e652f747970652f53706c697454797065456e756d3b787200336e65742e73662e6a61737065727265706f7274732e656e67696e652e626173652e4a5242617365456c656d656e7447726f757000000000000027d80200024c00086368696c6472656e71007e00154c000c656c656d656e7447726f757074002c4c6e65742f73662f6a61737065727265706f7274732f656e67696e652f4a52456c656d656e7447726f75703b7870737200136a6176612e7574696c2e41727261794c6973747881d21d99c7619d03000149000473697a6578700000000077040000000078700000ea620000000001707070707e72002e6e65742e73662e6a61737065727265706f7274732e656e67696e652e747970652e53706c697454797065456e756d00000000000000001200007872000e6a6176612e6c616e672e456e756d00000000000000001200007870740007535452455443487e7200316e65742e73662e6a61737065727265706f7274732e656e67696e652e747970652e52756e446972656374696f6e456e756d00000000000000001200007871007e001e7400034c5452707371007e00127371007e001b00000005770400000005737200316e65742e73662e6a61737065727265706f7274732e656e67696e652e626173652e4a52426173655374617469635465787400000000000027d80200014c00047465787471007e0002787200326e65742e73662e6a61737065727265706f7274732e656e67696e652e626173652e4a524261736554657874456c656d656e7400000000000027d802002849001950534555444f5f53455249414c5f56455253494f4e5f5549444c0006626f7264657271007e00164c000b626f72646572436f6c6f727400104c6a6176612f6177742f436f6c6f723b4c000c626f74746f6d426f7264657271007e00164c0011626f74746f6d426f72646572436f6c6f7271007e00284c000d626f74746f6d50616464696e677400134c6a6176612f6c616e672f496e74656765723b4c0008666f6e744e616d6571007e00024c0008666f6e7453697a6571007e00294c0008666f6e7473697a657400114c6a6176612f6c616e672f466c6f61743b4c0013686f72697a6f6e74616c416c69676e6d656e7471007e00164c0018686f72697a6f6e74616c416c69676e6d656e7456616c75657400364c6e65742f73662f6a61737065727265706f7274732f656e67696e652f747970652f486f72697a6f6e74616c416c69676e456e756d3b4c0013686f72697a6f6e74616c54657874416c69676e74003a4c6e65742f73662f6a61737065727265706f7274732f656e67696e652f747970652f486f72697a6f6e74616c54657874416c69676e456e756d3b4c00066973426f6c647400134c6a6176612f6c616e672f426f6f6c65616e3b4c000869734974616c696371007e002d4c000d6973506466456d62656464656471007e002d4c000f6973537472696b655468726f75676871007e002d4c000c69735374796c65645465787471007e002d4c000b6973556e6465726c696e6571007e002d4c000a6c656674426f7264657271007e00164c000f6c656674426f72646572436f6c6f7271007e00284c000b6c65667450616464696e6771007e00294c00076c696e65426f787400274c6e65742f73662f6a61737065727265706f7274732f656e67696e652f4a524c696e65426f783b4c000b6c696e6553706163696e6771007e00164c00106c696e6553706163696e6756616c75657400324c6e65742f73662f6a61737065727265706f7274732f656e67696e652f747970652f4c696e6553706163696e67456e756d3b4c00066d61726b757071007e00024c000770616464696e6771007e00294c00097061726167726170687400294c6e65742f73662f6a61737065727265706f7274732f656e67696e652f4a525061726167726170683b4c000b706466456e636f64696e6771007e00024c000b706466466f6e744e616d6571007e00024c000b7269676874426f7264657271007e00164c00107269676874426f72646572436f6c6f7271007e00284c000c726967687450616464696e6771007e00294c0008726f746174696f6e71007e00164c000d726f746174696f6e56616c756574002f4c6e65742f73662f6a61737065727265706f7274732f656e67696e652f747970652f526f746174696f6e456e756d3b4c0009746f70426f7264657271007e00164c000e746f70426f72646572436f6c6f7271007e00284c000a746f7050616464696e6771007e00294c0011766572746963616c416c69676e6d656e7471007e00164c0016766572746963616c416c69676e6d656e7456616c75657400344c6e65742f73662f6a61737065727265706f7274732f656e67696e652f747970652f566572746963616c416c69676e456e756d3b4c0011766572746963616c54657874416c69676e7400384c6e65742f73662f6a61737065727265706f7274732f656e67696e652f747970652f566572746963616c54657874416c69676e456e756d3b7872002e6e65742e73662e6a61737065727265706f7274732e656e67696e652e626173652e4a5242617365456c656d656e7400000000000027d802001b49001950534555444f5f53455249414c5f56455253494f4e5f5549444900066865696768745a001769735072696e74496e466972737457686f6c6542616e645a001569735072696e74526570656174656456616c7565735a001a69735072696e745768656e44657461696c4f766572666c6f77735a0015697352656d6f76654c696e655768656e426c616e6b42000c706f736974696f6e5479706542000b7374726574636854797065490005776964746849000178490001794c00096261636b636f6c6f7271007e00284c001464656661756c745374796c6550726f76696465727400344c6e65742f73662f6a61737065727265706f7274732f656e67696e652f4a5244656661756c745374796c6550726f76696465723b4c000c656c656d656e7447726f757071007e00194c0009666f7265636f6c6f7271007e00284c00036b657971007e00024c00046d6f646571007e00164c00096d6f646556616c756574002b4c6e65742f73662f6a61737065727265706f7274732f656e67696e652f747970652f4d6f6465456e756d3b4c000b706172656e745374796c6571007e00074c0018706172656e745374796c654e616d655265666572656e636571007e00024c0011706f736974696f6e5479706556616c75657400334c6e65742f73662f6a61737065727265706f7274732f656e67696e652f747970652f506f736974696f6e54797065456e756d3b4c00137072696e745768656e45787072657373696f6e71007e00134c00157072696e745768656e47726f75704368616e6765737400254c6e65742f73662f6a61737065727265706f7274732f656e67696e652f4a5247726f75703b4c000d70726f706572746965734d617071007e00145b001370726f706572747945787072657373696f6e737400335b4c6e65742f73662f6a61737065727265706f7274732f656e67696e652f4a5250726f706572747945787072657373696f6e3b4c0010737472657463685479706556616c75657400324c6e65742f73662f6a61737065727265706f7274732f656e67696e652f747970652f5374726574636854797065456e756d3b4c0004757569647400104c6a6176612f7574696c2f555549443b78700000ea6200000028000100000000000000c800000000000000007071007e001171007e00247070707070707e7200316e65742e73662e6a61737065727265706f7274732e656e67696e652e747970652e506f736974696f6e54797065456e756d00000000000000001200007871007e001e7400134649585f52454c41544956455f544f5f544f50707070707e7200306e65742e73662e6a61737065727265706f7274732e656e67696e652e747970652e5374726574636854797065456e756d00000000000000001200007871007e001e74000a4e4f5f535452455443487372000e6a6176612e7574696c2e55554944bc9903f7986d852f0200024a000c6c65617374536967426974734a000b6d6f7374536967426974737870af2b9a0d0c2096fbbb59014539a14b9a0000ea627070707070707070707070737200116a6176612e6c616e672e426f6f6c65616ecd207280d59cfaee0200015a000576616c7565787001707070707371007e0045007070707372002e6e65742e73662e6a61737065727265706f7274732e656e67696e652e626173652e4a52426173654c696e65426f7800000000000027d802000b4c000d626f74746f6d50616464696e6771007e00294c0009626f74746f6d50656e74002b4c6e65742f73662f6a61737065727265706f7274732f656e67696e652f626173652f4a52426f7850656e3b4c000c626f78436f6e7461696e657274002c4c6e65742f73662f6a61737065727265706f7274732f656e67696e652f4a52426f78436f6e7461696e65723b4c000b6c65667450616464696e6771007e00294c00076c65667450656e71007e00494c000770616464696e6771007e00294c000370656e71007e00494c000c726967687450616464696e6771007e00294c0008726967687450656e71007e00494c000a746f7050616464696e6771007e00294c0006746f7050656e71007e0049787070737200336e65742e73662e6a61737065727265706f7274732e656e67696e652e626173652e4a5242617365426f78426f74746f6d50656e00000000000027d80200007872002d6e65742e73662e6a61737065727265706f7274732e656e67696e652e626173652e4a5242617365426f7850656e00000000000027d80200014c00076c696e65426f7871007e002e7872002a6e65742e73662e6a61737065727265706f7274732e656e67696e652e626173652e4a524261736550656e00000000000027d802000649001950534555444f5f53455249414c5f56455253494f4e5f5549444c00096c696e65436f6c6f7271007e00284c00096c696e655374796c6571007e00164c000e6c696e655374796c6556616c75657400304c6e65742f73662f6a61737065727265706f7274732f656e67696e652f747970652f4c696e655374796c65456e756d3b4c00096c696e65576964746871007e002a4c000c70656e436f6e7461696e657274002c4c6e65742f73662f6a61737065727265706f7274732f656e67696e652f4a5250656e436f6e7461696e65723b78700000ea627070707071007e004b71007e004b71007e003c70737200316e65742e73662e6a61737065727265706f7274732e656e67696e652e626173652e4a5242617365426f784c65667450656e00000000000027d80200007871007e004d0000ea627070707071007e004b71007e004b707371007e004d0000ea627070707071007e004b71007e004b70737200326e65742e73662e6a61737065727265706f7274732e656e67696e652e626173652e4a5242617365426f78526967687450656e00000000000027d80200007871007e004d0000ea627070707071007e004b71007e004b70737200306e65742e73662e6a61737065727265706f7274732e656e67696e652e626173652e4a5242617365426f78546f7050656e00000000000027d80200007871007e004d0000ea627070707071007e004b71007e004b70707070737200306e65742e73662e6a61737065727265706f7274732e656e67696e652e626173652e4a524261736550617261677261706800000000000027d802000a4c000f66697273744c696e65496e64656e7471007e00294c000a6c656674496e64656e7471007e00294c000b6c696e6553706163696e6771007e002f4c000f6c696e6553706163696e6753697a6571007e002a4c0012706172616772617068436f6e7461696e65727400324c6e65742f73662f6a61737065727265706f7274732f656e67696e652f4a52506172616772617068436f6e7461696e65723b4c000b7269676874496e64656e7471007e00294c000c73706163696e67416674657271007e00294c000d73706163696e674265666f726571007e00294c000c74616253746f70576964746871007e00294c000874616253746f707371007e001578707070707071007e003c70707070707070707070707070707070707e7200366e65742e73662e6a61737065727265706f7274732e656e67696e652e747970652e566572746963616c54657874416c69676e456e756d00000000000000001200007871007e001e740006424f54544f4d74000d466163696c697479204e616d657371007e00260000ea620000002800010000000000000064000000d2000000007071007e001171007e002470707070707071007e003e7070707071007e00417371007e004395a2d388b9ee1e67601994b5858f48610000ea62707070707070707070707071007e00467070707071007e00477070707371007e0048707371007e004c0000ea627070707071007e006271007e006271007e0060707371007e00520000ea627070707071007e006271007e0062707371007e004d0000ea627070707071007e006271007e0062707371007e00550000ea627070707071007e006271007e0062707371007e00570000ea627070707071007e006271007e0062707070707371007e00597070707071007e0060707070707070707070707070707070707071007e005d74000b506572696f64204e616d657371007e00260000ea62000000280001000000000000012c00000140000000007071007e001171007e002470707070707071007e003e7070707071007e00417371007e0043bf358c6e8c2c67c423cf2da93a3841f70000ea62707070707070707070707071007e00467070707071007e00477070707371007e0048707371007e004c0000ea627070707071007e006c71007e006c71007e006a707371007e00520000ea627070707071007e006c71007e006c707371007e004d0000ea627070707071007e006c71007e006c707371007e00550000ea627070707071007e006c71007e006c707371007e00570000ea627070707071007e006c71007e006c707070707371007e00597070707071007e006a707070707070707070707070707070707071007e005d74000e5265717569736974696f6e2049447371007e00260000ea62000000280001000000000000006400000276000000007071007e001171007e002470707070707071007e003e7070707071007e00417371007e0043970cab694ec0bc36f6a0a416865544c60000ea62707070707070707070707071007e00467070707071007e00477070707371007e0048707371007e004c0000ea627070707071007e007671007e007671007e0074707371007e00520000ea627070707071007e007671007e0076707371007e004d0000ea627070707071007e007671007e0076707371007e00550000ea627070707071007e007671007e0076707371007e00570000ea627070707071007e007671007e0076707070707371007e00597070707071007e0074707070707070707070707070707070707071007e005d7400125265717569736974696f6e205374617475737372002b6e65742e73662e6a61737065727265706f7274732e656e67696e652e626173652e4a52426173654c696e6500000000000027d802000349001950534555444f5f53455249414c5f56455253494f4e5f554944420009646972656374696f6e4c000e646972656374696f6e56616c75657400344c6e65742f73662f6a61737065727265706f7274732f656e67696e652f747970652f4c696e65446972656374696f6e456e756d3b787200356e65742e73662e6a61737065727265706f7274732e656e67696e652e626173652e4a524261736547726170686963456c656d656e7400000000000027d802000549001950534555444f5f53455249414c5f56455253494f4e5f5549444c000466696c6c71007e00164c000966696c6c56616c756574002b4c6e65742f73662f6a61737065727265706f7274732f656e67696e652f747970652f46696c6c456e756d3b4c00076c696e6550656e7400234c6e65742f73662f6a61737065727265706f7274732f656e67696e652f4a5250656e3b4c000370656e71007e00167871007e00340000ea6200000001000100000000000002ef00000000000000287071007e001171007e002470707070707071007e003e7070707071007e00417371007e004381d26de12a9b3eb3832be4afff60490d000077ee70707371007e004e0000ea627070707071007e0083700000ea62007e7200326e65742e73662e6a61737065727265706f7274732e656e67696e652e747970652e4c696e65446972656374696f6e456e756d00000000000000001200007871007e001e740009424f54544f4d5f555078700000ea6200000030017070707071007e001f7070707372002e6e65742e73662e6a61737065727265706f7274732e656e67696e652e626173652e4a524261736553656374696f6e00000000000027d80200025b000562616e64737400255b4c6e65742f73662f6a61737065727265706f7274732f656e67696e652f4a5242616e643b5b000570617274737400255b4c6e65742f73662f6a61737065727265706f7274732f656e67696e652f4a52506172743b7870757200255b4c6e65742e73662e6a61737065727265706f7274732e656e67696e652e4a5242616e643b95dd7eec8cca85350200007870000000017371007e00127371007e001b00000004770400000004737200306e65742e73662e6a61737065727265706f7274732e656e67696e652e626173652e4a5242617365546578744669656c6400000000000027d802001549001950534555444f5f53455249414c5f56455253494f4e5f55494449000d626f6f6b6d61726b4c6576656c42000e6576616c756174696f6e54696d6542000f68797065726c696e6b54617267657442000d68797065726c696e6b547970655a0015697353747265746368576974684f766572666c6f774c0014616e63686f724e616d6545787072657373696f6e71007e00134c000f6576616c756174696f6e47726f757071007e00384c00136576616c756174696f6e54696d6556616c75657400354c6e65742f73662f6a61737065727265706f7274732f656e67696e652f747970652f4576616c756174696f6e54696d65456e756d3b4c000a65787072657373696f6e71007e00134c001968797065726c696e6b416e63686f7245787072657373696f6e71007e00134c001768797065726c696e6b5061676545787072657373696f6e71007e00135b001368797065726c696e6b506172616d65746572737400335b4c6e65742f73662f6a61737065727265706f7274732f656e67696e652f4a5248797065726c696e6b506172616d657465723b4c001c68797065726c696e6b5265666572656e636545787072657373696f6e71007e00134c001a68797065726c696e6b546f6f6c74697045787072657373696f6e71007e00134c001768797065726c696e6b5768656e45787072657373696f6e71007e00134c000f6973426c616e6b5768656e4e756c6c71007e002d4c000a6c696e6b54617267657471007e00024c00086c696e6b5479706571007e00024c00077061747465726e71007e00024c00117061747465726e45787072657373696f6e71007e00137871007e00270000ea6200000014000100000000000000c800000000000000007071007e001171007e008f70707070707071007e003e7070707071007e00417371007e0043b6d0ab98325b43e58f3062841aab4a580000ea6270707070707070707070707070707070707070707371007e0048707371007e004c0000ea627070707071007e009671007e009671007e0094707371007e00520000ea627070707071007e009671007e0096707371007e004d0000ea627070707071007e009671007e0096707371007e00550000ea627070707071007e009671007e0096707371007e00570000ea627070707071007e009671007e0096707070707371007e00597070707071007e00947070707070707070707070707070707070700000ea62000000000000000070707e7200336e65742e73662e6a61737065727265706f7274732e656e67696e652e747970652e4576616c756174696f6e54696d65456e756d00000000000000001200007871007e001e7400034e4f57737200316e65742e73662e6a61737065727265706f7274732e656e67696e652e626173652e4a524261736545787072657373696f6e00000000000027d802000449000269645b00066368756e6b737400305b4c6e65742f73662f6a61737065727265706f7274732f656e67696e652f4a5245787072657373696f6e4368756e6b3b4c000e76616c7565436c6173734e616d6571007e00024c001276616c7565436c6173735265616c4e616d6571007e000278700000000b757200305b4c6e65742e73662e6a61737065727265706f7274732e656e67696e652e4a5245787072657373696f6e4368756e6b3b6d59cfde694ba355020000787000000001737200366e65742e73662e6a61737065727265706f7274732e656e67696e652e626173652e4a524261736545787072657373696f6e4368756e6b00000000000027d8020002420004747970654c00047465787471007e000278700374000c666163696c6974796e616d65707070707070707070707070707371007e00910000ea620000001400010000000000000064000000d2000000007071007e001171007e008f70707070707071007e003e7070707071007e00417371007e00439434bf50f11e634310be6a6535d64bb40000ea6270707070707070707070707070707070707070707371007e0048707371007e004c0000ea627070707071007e00aa71007e00aa71007e00a8707371007e00520000ea627070707071007e00aa71007e00aa707371007e004d0000ea627070707071007e00aa71007e00aa707371007e00550000ea627070707071007e00aa71007e00aa707371007e00570000ea627070707071007e00aa71007e00aa707070707371007e00597070707071007e00a87070707070707070707070707070707070700000ea620000000000000000707071007e009e7371007e00a00000000c7571007e00a3000000017371007e00a50374000a706572696f646e616d65707070707070707070707070707371007e00910000ea62000000140001000000000000012c00000140000000007071007e001171007e008f70707070707071007e003e7070707071007e00417371007e0043b32f78741c2b44d49fa5e79b245648a30000ea6270707070707070707070707070707070707070707371007e0048707371007e004c0000ea627070707071007e00b771007e00b771007e00b5707371007e00520000ea627070707071007e00b771007e00b7707371007e004d0000ea627070707071007e00b771007e00b7707371007e00550000ea627070707071007e00b771007e00b7707371007e00570000ea627070707071007e00b771007e00b7707070707371007e00597070707071007e00b57070707070707070707070707070707070700000ea620000000000000000707071007e009e7371007e00a00000000d7571007e00a3000000017371007e00a50374000d7265717569736974696f6e6964707070707070707070707070707371007e00910000ea62000000140001000000000000006400000276000000007071007e001171007e008f70707070707071007e003e7070707071007e00417371007e00438aaa1fef496d1528d94a3c02b39040740000ea6270707070707070707070707070707070707070707371007e0048707371007e004c0000ea627070707071007e00c471007e00c471007e00c2707371007e00520000ea627070707071007e00c471007e00c4707371007e004d0000ea627070707071007e00c471007e00c4707371007e00550000ea627070707071007e00c471007e00c4707371007e00570000ea627070707071007e00c471007e00c4707070707371007e00597070707071007e00c27070707070707070707070707070707070700000ea620000000000000000707071007e009e7371007e00a00000000e7571007e00a3000000017371007e00a5037400117265717569736974696f6e7374617475737070707070707070707070707078700000ea6200000017017070707071007e001f7070707400046a617661707372002e6e65742e73662e6a61737065727265706f7274732e656e67696e652e626173652e4a52426173654461746173657400000000000027d802001149001950534555444f5f53455249414c5f56455253494f4e5f5549445a000669734d61696e4200177768656e5265736f757263654d697373696e67547970655b00066669656c64737400265b4c6e65742f73662f6a61737065727265706f7274732f656e67696e652f4a524669656c643b4c001066696c74657245787072657373696f6e71007e00135b000667726f7570737400265b4c6e65742f73662f6a61737065727265706f7274732f656e67696e652f4a5247726f75703b4c00046e616d6571007e00025b000a706172616d657465727374002a5b4c6e65742f73662f6a61737065727265706f7274732f656e67696e652f4a52506172616d657465723b4c000d70726f706572746965734d617071007e00144c000571756572797400254c6e65742f73662f6a61737065727265706f7274732f656e67696e652f4a5251756572793b4c000e7265736f7572636542756e646c6571007e00024c000e7363726970746c6574436c61737371007e00025b000a7363726970746c65747374002a5b4c6e65742f73662f6a61737065727265706f7274732f656e67696e652f4a525363726970746c65743b5b000a736f72744669656c647374002a5b4c6e65742f73662f6a61737065727265706f7274732f656e67696e652f4a52536f72744669656c643b4c00047575696471007e003b5b00097661726961626c65737400295b4c6e65742f73662f6a61737065727265706f7274732f656e67696e652f4a525661726961626c653b4c001c7768656e5265736f757263654d697373696e675479706556616c756574003e4c6e65742f73662f6a61737065727265706f7274732f656e67696e652f747970652f5768656e5265736f757263654d697373696e6754797065456e756d3b78700000ea620100757200265b4c6e65742e73662e6a61737065727265706f7274732e656e67696e652e4a524669656c643b023cdfc74e2af2700200007870000000047372002c6e65742e73662e6a61737065727265706f7274732e656e67696e652e626173652e4a52426173654669656c6400000000000027d80200054c000b6465736372697074696f6e71007e00024c00046e616d6571007e00024c000d70726f706572746965734d617071007e00144c000e76616c7565436c6173734e616d6571007e00024c001276616c7565436c6173735265616c4e616d6571007e000278707074000c666163696c6974796e616d657372002b6e65742e73662e6a61737065727265706f7274732e656e67696e652e4a5250726f706572746965734d617000000000000027d80200034c00046261736571007e00144c000e70726f706572746965734c69737471007e00154c000d70726f706572746965734d617074000f4c6a6176612f7574696c2f4d61703b78707070707400106a6176612e6c616e672e537472696e67707371007e00dc7074000a706572696f646e616d657371007e00df7070707400106a6176612e6c616e672e537472696e67707371007e00dc7074000d7265717569736974696f6e69647371007e00df7070707400106a6176612e6c616e672e537472696e67707371007e00dc707400117265717569736974696f6e7374617475737371007e00df7070707400106a6176612e6c616e672e537472696e677070707400125265717569736974696f6e205265706f72747572002a5b4c6e65742e73662e6a61737065727265706f7274732e656e67696e652e4a52506172616d657465723b22000c8d2ac36021020000787000000015737200306e65742e73662e6a61737065727265706f7274732e656e67696e652e626173652e4a5242617365506172616d6574657200000000000027d80200095a000e6973466f7250726f6d7074696e675a000f697353797374656d446566696e65644c001664656661756c7456616c756545787072657373696f6e71007e00134c000b6465736372697074696f6e71007e00024c00046e616d6571007e00024c000e6e6573746564547970654e616d6571007e00024c000d70726f706572746965734d617071007e00144c000e76616c7565436c6173734e616d6571007e00024c001276616c7565436c6173735265616c4e616d6571007e000278700101707074000e5245504f52545f434f4e54455854707371007e00df7070707400296e65742e73662e6a61737065727265706f7274732e656e67696e652e5265706f7274436f6e74657874707371007e00f2010170707400155245504f52545f504152414d45544552535f4d4150707371007e00df70707074000d6a6176612e7574696c2e4d6170707371007e00f2010170707400164a41535045525f5245504f5254535f434f4e54455854707371007e00df7070707400306e65742e73662e6a61737065727265706f7274732e656e67696e652e4a61737065725265706f727473436f6e74657874707371007e00f20101707074000d4a41535045525f5245504f5254707371007e00df7070707400286e65742e73662e6a61737065727265706f7274732e656e67696e652e4a61737065725265706f7274707371007e00f2010170707400115245504f52545f434f4e4e454354494f4e707371007e00df7070707400136a6176612e73716c2e436f6e6e656374696f6e707371007e00f2010170707400105245504f52545f4d41585f434f554e54707371007e00df7070707400116a6176612e6c616e672e496e7465676572707371007e00f2010170707400125245504f52545f444154415f534f55524345707371007e00df7070707400286e65742e73662e6a61737065727265706f7274732e656e67696e652e4a5244617461536f75726365707371007e00f2010170707400105245504f52545f5343524950544c4554707371007e00df70707074002f6e65742e73662e6a61737065727265706f7274732e656e67696e652e4a5241627374726163745363726970746c6574707371007e00f20101707074000d5245504f52545f4c4f43414c45707371007e00df7070707400106a6176612e7574696c2e4c6f63616c65707371007e00f2010170707400165245504f52545f5245534f555243455f42554e444c45707371007e00df7070707400186a6176612e7574696c2e5265736f7572636542756e646c65707371007e00f2010170707400105245504f52545f54494d455f5a4f4e45707371007e00df7070707400126a6176612e7574696c2e54696d655a6f6e65707371007e00f2010170707400155245504f52545f464f524d41545f464143544f5259707371007e00df70707074002e6e65742e73662e6a61737065727265706f7274732e656e67696e652e7574696c2e466f726d6174466163746f7279707371007e00f2010170707400135245504f52545f434c4153535f4c4f41444552707371007e00df7070707400156a6176612e6c616e672e436c6173734c6f61646572707371007e00f20101707074001a5245504f52545f55524c5f48414e444c45525f464143544f5259707371007e00df7070707400206a6176612e6e65742e55524c53747265616d48616e646c6572466163746f7279707371007e00f2010170707400145245504f52545f46494c455f5245534f4c564552707371007e00df70707074002d6e65742e73662e6a61737065727265706f7274732e656e67696e652e7574696c2e46696c655265736f6c766572707371007e00f2010170707400105245504f52545f54454d504c41544553707371007e00df7070707400146a6176612e7574696c2e436f6c6c656374696f6e707371007e00f20101707074000b534f52545f4649454c4453707371007e00df70707074000e6a6176612e7574696c2e4c697374707371007e00f20101707074000646494c544552707371007e00df7070707400296e65742e73662e6a61737065727265706f7274732e656e67696e652e4461746173657446696c746572707371007e00f2010170707400125245504f52545f5649525455414c495a4552707371007e00df7070707400296e65742e73662e6a61737065727265706f7274732e656e67696e652e4a525669727475616c697a6572707371007e00f20101707074001449535f49474e4f52455f504147494e4154494f4e707371007e00df7070707400116a6176612e6c616e672e426f6f6c65616e707371007e00f20100707074000750726f6772616d707371007e00df707371007e001b0000000277040000000274000b646973706c61794e616d6574000973656c65637453716c78737200116a6176612e7574696c2e486173684d61700507dac1c31660d103000246000a6c6f6164466163746f724900097468726573686f6c6478703f400000000000037708000000040000000271007e014774000c50726f6772616d204e616d6571007e014874003b53454c45435420702e6e616d652046524f4d207265666572656e6365646174612e70726f6772616d732070204f5244455220425920702e6e616d65787400106a6176612e6c616e672e537472696e67707371007e00df707371007e001b0000000a77040000000a74002d636f6d2e6a6173706572736f66742e73747564696f2e646174612e64656661756c7464617461616461707465727400426e65742e73662e6a61737065727265706f7274732e6578706f72742e786c732e72656d6f76652e656d7074792e73706163652e6265747765656e2e636f6c756d6e7374003f6e65742e73662e6a61737065727265706f7274732e6578706f72742e786c732e72656d6f76652e656d7074792e73706163652e6265747765656e2e726f77737400366e65742e73662e6a61737065727265706f7274732e6578706f72742e786c732e69676e6f72652e63656c6c2e6261636b67726f756e647400326e65742e73662e6a61737065727265706f7274732e6578706f72742e786c732e69676e6f72652e63656c6c2e626f726465727400356e65742e73662e6a61737065727265706f7274732e6578706f72742e786c732e6578636c7564652e6f726967696e2e62616e642e317400356e65742e73662e6a61737065727265706f7274732e6578706f72742e786c732e6578636c7564652e6f726967696e2e62616e642e327400406e65742e73662e6a61737065727265706f7274732e6578706f72742e786c732e6578636c7564652e6f726967696e2e6b6565702e66697273742e62616e642e317400406e65742e73662e6a61737065727265706f7274732e6578706f72742e6373762e6578636c7564652e6f726967696e2e6b6565702e66697273742e62616e642e317400356e65742e73662e6a61737065727265706f7274732e6578706f72742e6373762e6578636c7564652e6f726967696e2e62616e642e30787371007e01493f4000000000000c7708000000100000000a71007e01537400047472756571007e01597400057469746c6571007e01507400154f70656e2d4c4d4953202d204c6f63616c686f737471007e01527400047472756571007e015774000c636f6c756d6e48656164657271007e01517400047472756571007e01547400047472756571007e015574000c636f6c756d6e48656164657271007e015874000c636f6c756d6e48656164657271007e015674000a70616765466f6f746572787372002c6e65742e73662e6a61737065727265706f7274732e656e67696e652e626173652e4a5242617365517565727900000000000027d80200025b00066368756e6b7374002b5b4c6e65742f73662f6a61737065727265706f7274732f656e67696e652f4a5251756572794368756e6b3b4c00086c616e677561676571007e000278707572002b5b4c6e65742e73662e6a61737065727265706f7274732e656e67696e652e4a5251756572794368756e6b3b409f00a1e8ba34a4020000787000000003737200316e65742e73662e6a61737065727265706f7274732e656e67696e652e626173652e4a524261736551756572794368756e6b00000000000027d8020004420004747970654c00047465787471007e00024c000e746f6b656e536570617261746f727400154c6a6176612f6c616e672f4368617261637465723b5b0006746f6b656e737400135b4c6a6176612f6c616e672f537472696e673b7870017401c953454c45435420666163696c69746965732e6e616d6520415320466163696c6974794e616d650a20202c2070726f63657373696e675f706572696f64732e6e616d6520415320506572696f644e616d650a20202c207265717569736974696f6e732e6964204153205265717569736974696f6e49440a20202c207265717569736974696f6e732e737461747573204153205265717569736974696f6e5374617475730a46524f4d207265717569736974696f6e2e7265717569736974696f6e730a20204a4f494e207265666572656e6365646174612e666163696c6974696573204f4e207265717569736974696f6e732e666163696c6974796964203d20666163696c69746965732e69640a20204a4f494e207265666572656e6365646174612e70726f6772616d73204f4e207265717569736974696f6e732e70726f6772616d6964203d2070726f6772616d732e69640a20204a4f494e207265666572656e6365646174612e70726f63657373696e675f706572696f6473204f4e207265717569736974696f6e732e70726f63657373696e67706572696f646964203d2070726f63657373696e675f706572696f64732e69640a57484552452070726f6772616d732e6e616d653d70707371007e016a0274000750726f6772616d70707371007e016a0174003e0a4f5244455220425920666163696c69746965732e6e616d650a20202c2070726f63657373696e675f706572696f64732e656e646461746520444553433b707074000353514c707070707371007e0043a0fc03bb05345fc5b406d512c5b3455b757200295b4c6e65742e73662e6a61737065727265706f7274732e656e67696e652e4a525661726961626c653b62e6837c982cb7440200007870000000077372002f6e65742e73662e6a61737065727265706f7274732e656e67696e652e626173652e4a52426173655661726961626c6500000000000027d802001149001950534555444f5f53455249414c5f56455253494f4e5f55494442000b63616c63756c6174696f6e42000d696e6372656d656e74547970655a000f697353797374656d446566696e65644200097265736574547970654c001063616c63756c6174696f6e56616c75657400324c6e65742f73662f6a61737065727265706f7274732f656e67696e652f747970652f43616c63756c6174696f6e456e756d3b4c000a65787072657373696f6e71007e00134c000e696e6372656d656e7447726f757071007e00384c0012696e6372656d656e745479706556616c75657400344c6e65742f73662f6a61737065727265706f7274732f656e67696e652f747970652f496e6372656d656e7454797065456e756d3b4c001b696e6372656d656e746572466163746f7279436c6173734e616d6571007e00024c001f696e6372656d656e746572466163746f7279436c6173735265616c4e616d6571007e00024c0016696e697469616c56616c756545787072657373696f6e71007e00134c00046e616d6571007e00024c000a726573657447726f757071007e00384c000e72657365745479706556616c75657400304c6e65742f73662f6a61737065727265706f7274732f656e67696e652f747970652f526573657454797065456e756d3b4c000e76616c7565436c6173734e616d6571007e00024c001276616c7565436c6173735265616c4e616d6571007e00027870000077ee000001007e7200306e65742e73662e6a61737065727265706f7274732e656e67696e652e747970652e43616c63756c6174696f6e456e756d00000000000000001200007871007e001e74000653595354454d70707e7200326e65742e73662e6a61737065727265706f7274732e656e67696e652e747970652e496e6372656d656e7454797065456e756d00000000000000001200007871007e001e7400044e4f4e4570707371007e00a0000000007571007e00a3000000017371007e00a5017400186e6577206a6176612e6c616e672e496e7465676572283129707074000b504147455f4e554d424552707e72002e6e65742e73662e6a61737065727265706f7274732e656e67696e652e747970652e526573657454797065456e756d00000000000000001200007871007e001e7400065245504f525471007e010a707371007e0177000077ee0000010071007e017d707071007e01807070707400134d41535445525f43555252454e545f504147457071007e018871007e010a707371007e0177000077ee0000010071007e017d707071007e01807070707400124d41535445525f544f54414c5f50414745537071007e018871007e010a707371007e0177000077ee0000010071007e017d707071007e018070707371007e00a0000000017571007e00a3000000017371007e00a5017400186e6577206a6176612e6c616e672e496e7465676572283129707074000d434f4c554d4e5f4e554d424552707e71007e01877400045041474571007e010a707371007e0177000077ee000001007e71007e017c740005434f554e547371007e00a0000000027571007e00a3000000017371007e00a5017400186e6577206a6176612e6c616e672e496e746567657228312970707071007e018070707371007e00a0000000037571007e00a3000000017371007e00a5017400186e6577206a6176612e6c616e672e496e7465676572283029707074000c5245504f52545f434f554e547071007e018871007e010a707371007e0177000077ee0000010071007e01977371007e00a0000000047571007e00a3000000017371007e00a5017400186e6577206a6176612e6c616e672e496e746567657228312970707071007e018070707371007e00a0000000057571007e00a3000000017371007e00a5017400186e6577206a6176612e6c616e672e496e7465676572283029707074000a504147455f434f554e547071007e019471007e010a707371007e0177000077ee0000010071007e01977371007e00a0000000067571007e00a3000000017371007e00a5017400186e6577206a6176612e6c616e672e496e746567657228312970707071007e018070707371007e00a0000000077571007e00a3000000017371007e00a5017400186e6577206a6176612e6c616e672e496e7465676572283029707074000c434f4c554d4e5f434f554e54707e71007e0187740006434f4c554d4e71007e010a707e72003c6e65742e73662e6a61737065727265706f7274732e656e67696e652e747970652e5768656e5265736f757263654d697373696e6754797065456e756d00000000000000001200007871007e001e740005454d50545971007e00ef707e7200306e65742e73662e6a61737065727265706f7274732e656e67696e652e747970652e4f7269656e746174696f6e456e756d00000000000000001200007871007e001e7400094c414e44534341504570707e72002f6e65742e73662e6a61737065727265706f7274732e656e67696e652e747970652e5072696e744f72646572456e756d00000000000000001200007871007e001e740008564552544943414c7e7200306e65742e73662e6a61737065727265706f7274732e656e67696e652e747970652e53656374696f6e54797065456e756d00000000000000001200007871007e001e74000442414e447070707371007e00127371007e001b000000047704000000047371007e00260000ea620000002800010000000000000190000000b4000000007071007e001171007e01c470707070707071007e003e7070707071007e00417371007e0043b5d583231cc7949911f3a3e78367499f0000ea62707070707070707372000f6a6176612e6c616e672e466c6f6174daedc9a2db3cf0ec02000146000576616c7565787200106a6176612e6c616e672e4e756d62657286ac951d0b94e08b02000078704180000070707e7200386e65742e73662e6a61737065727265706f7274732e656e67696e652e747970652e486f72697a6f6e74616c54657874416c69676e456e756d00000000000000001200007871007e001e74000643454e5445527070707070707070707371007e0048707371007e004c0000ea627070707071007e01ce71007e01ce71007e01c6707371007e00520000ea627070707071007e01ce71007e01ce707371007e004d0000ea627070707071007e01ce71007e01ce707371007e00550000ea627070707071007e01ce71007e01ce707371007e00570000ea627070707071007e01ce71007e01ce707070707371007e00597070707071007e01c670707070707070707070707070707070707e71007e005c7400064d4944444c457400125265717569736974696f6e205265706f72747371007e00910000ea6200000014000100000000000000640000028a000000007071007e001171007e01c470707070707071007e003e7070707071007e00417371007e0043bc0e29c11d11fa61bb0866e588b14b470000ea62707070707070707070707e71007e01cb74000552494748547070707070707070707371007e0048707371007e004c0000ea627070707071007e01dc71007e01dc71007e01d8707371007e00520000ea627070707071007e01dc71007e01dc707371007e004d0000ea627070707071007e01dc71007e01dc707371007e00550000ea627070707071007e01dc71007e01dc707371007e00570000ea627070707071007e01dc71007e01dc707070707371007e00597070707071007e01d87070707070707070707070707070707070700000ea620000000000000000707071007e009e7371007e00a0000000087571007e00a3000000017371007e00a5017400146e6577206a6176612e7574696c2e446174652829707070707070707070707074000e4d4d4d4d4d2064642c2079797979707371007e00910000ea6200000014000100000000000000640000028a000000147071007e001171007e01c470707070707071007e003e7070707071007e00417371007e0043835c136c4a51a73e8ad6326fb83944be0000ea627070707070707070707071007e01da7070707070707070707371007e0048707371007e004c0000ea627070707071007e01ea71007e01ea71007e01e8707371007e00520000ea627070707071007e01ea71007e01ea707371007e004d0000ea627070707071007e01ea71007e01ea707371007e00550000ea627070707071007e01ea71007e01ea707371007e00570000ea627070707071007e01ea71007e01ea707070707371007e00597070707071007e01e87070707070707070707070707070707070700000ea620000000000000000707071007e009e7371007e00a0000000097571007e00a3000000017371007e00a5017400146e6577206a6176612e7574696c2e4461746528297070707070707070707070740008683a6d6d2061207a707371007e00910000ea620000002700010000000000000190000000b4000000287071007e001171007e01c470707070707071007e003e7070707071007e00417371007e004392d8e47de375a8c61c2f7b0c34ac44d10000ea627070707070707070707071007e01cc7070707070707070707371007e0048707371007e004c0000ea627070707071007e01f871007e01f871007e01f6707371007e00520000ea627070707071007e01f871007e01f8707371007e004d0000ea627070707071007e01f871007e01f8707371007e00550000ea627070707071007e01f871007e01f8707371007e00570000ea627070707071007e01f871007e01f8707070707371007e00597070707071007e01f670707070707070707070707070707070707e71007e005c740003544f500000ea620000000000000000707071007e009e7371007e00a00000000a7571007e00a3000000037371007e00a50174000922466f722022202b207371007e00a50274000750726f6772616d7371007e00a50174000d202b20222070726f6772616d227070707070707070707070707078700000ea6200000054017070707071007e001f7e7200336e65742e73662e6a61737065727265706f7274732e656e67696e652e747970652e5768656e4e6f4461746154797065456e756d00000000000000001200007871007e001e740016414c4c5f53454354494f4e535f4e4f5f44455441494c737200366e65742e73662e6a61737065727265706f7274732e656e67696e652e64657369676e2e4a525265706f7274436f6d70696c654461746100000000000027d80200034c001363726f7373746162436f6d70696c654461746171007e00e04c001264617461736574436f6d70696c654461746171007e00e04c00166d61696e44617461736574436f6d70696c654461746171007e000178707371007e01493f4000000000000077080000001000000000787371007e01493f400000000000007708000000100000000078757200025b42acf317f8060854e00200007870000016d7cafebabe0000002e00f10700020100285265717569736974696f6e33325265706f72745f313438363739363530333630375f39323337373707000401002c6e65742f73662f6a61737065727265706f7274732f656e67696e652f66696c6c2f4a524576616c7561746f7201001e706172616d657465725f49535f49474e4f52455f504147494e4154494f4e0100324c6e65742f73662f6a61737065727265706f7274732f656e67696e652f66696c6c2f4a5246696c6c506172616d657465723b01001b706172616d657465725f5245504f52545f434f4e4e454354494f4e010010706172616d657465725f46494c544552010011706172616d657465725f50726f6772616d010017706172616d657465725f4a41535045525f5245504f5254010017706172616d657465725f5245504f52545f4c4f43414c4501001a706172616d657465725f5245504f52545f54494d455f5a4f4e4501001a706172616d657465725f5245504f52545f54454d504c4154455301001a706172616d657465725f5245504f52545f4d41585f434f554e5401001a706172616d657465725f5245504f52545f5343524950544c4554010020706172616d657465725f4a41535045525f5245504f5254535f434f4e5445585401001e706172616d657465725f5245504f52545f46494c455f5245534f4c56455201001f706172616d657465725f5245504f52545f464f524d41545f464143544f525901001f706172616d657465725f5245504f52545f504152414d45544552535f4d4150010020706172616d657465725f5245504f52545f5245534f555243455f42554e444c4501001c706172616d657465725f5245504f52545f444154415f534f55524345010018706172616d657465725f5245504f52545f434f4e5445585401001d706172616d657465725f5245504f52545f434c4153535f4c4f41444552010024706172616d657465725f5245504f52545f55524c5f48414e444c45525f464143544f525901001c706172616d657465725f5245504f52545f5649525455414c495a4552010015706172616d657465725f534f52545f4649454c44530100136669656c645f7265717569736974696f6e696401002e4c6e65742f73662f6a61737065727265706f7274732f656e67696e652f66696c6c2f4a5246696c6c4669656c643b0100106669656c645f706572696f646e616d650100176669656c645f7265717569736974696f6e7374617475730100126669656c645f666163696c6974796e616d650100147661726961626c655f504147455f4e554d4245520100314c6e65742f73662f6a61737065727265706f7274732f656e67696e652f66696c6c2f4a5246696c6c5661726961626c653b01001c7661726961626c655f4d41535445525f43555252454e545f5041474501001b7661726961626c655f4d41535445525f544f54414c5f50414745530100167661726961626c655f434f4c554d4e5f4e554d4245520100157661726961626c655f5245504f52545f434f554e540100137661726961626c655f504147455f434f554e540100157661726961626c655f434f4c554d4e5f434f554e540100063c696e69743e010003282956010004436f64650a0003002c0c00280029090001002e0c0005000609000100300c0007000609000100320c0008000609000100340c0009000609000100360c000a000609000100380c000b0006090001003a0c000c0006090001003c0c000d0006090001003e0c000e000609000100400c000f000609000100420c0010000609000100440c0011000609000100460c0012000609000100480c00130006090001004a0c00140006090001004c0c00150006090001004e0c0016000609000100500c0017000609000100520c0018000609000100540c0019000609000100560c001a000609000100580c001b001c090001005a0c001d001c090001005c0c001e001c090001005e0c001f001c09000100600c0020002109000100620c0022002109000100640c0023002109000100660c0024002109000100680c00250021090001006a0c00260021090001006c0c0027002101000f4c696e654e756d6265725461626c6501000e637573746f6d697a6564496e6974010030284c6a6176612f7574696c2f4d61703b4c6a6176612f7574696c2f4d61703b4c6a6176612f7574696c2f4d61703b29560a000100710c0072007301000a696e6974506172616d73010012284c6a6176612f7574696c2f4d61703b29560a000100750c0076007301000a696e69744669656c64730a000100780c00790073010008696e69745661727308007b01001449535f49474e4f52455f504147494e4154494f4e0b007d007f07007e01000d6a6176612f7574696c2f4d61700c00800081010003676574010026284c6a6176612f6c616e672f4f626a6563743b294c6a6176612f6c616e672f4f626a6563743b0700830100306e65742f73662f6a61737065727265706f7274732f656e67696e652f66696c6c2f4a5246696c6c506172616d657465720800850100115245504f52545f434f4e4e454354494f4e08008701000646494c54455208008901000750726f6772616d08008b01000d4a41535045525f5245504f525408008d01000d5245504f52545f4c4f43414c4508008f0100105245504f52545f54494d455f5a4f4e450800910100105245504f52545f54454d504c415445530800930100105245504f52545f4d41585f434f554e540800950100105245504f52545f5343524950544c45540800970100164a41535045525f5245504f5254535f434f4e544558540800990100145245504f52545f46494c455f5245534f4c56455208009b0100155245504f52545f464f524d41545f464143544f525908009d0100155245504f52545f504152414d45544552535f4d415008009f0100165245504f52545f5245534f555243455f42554e444c450800a10100125245504f52545f444154415f534f555243450800a301000e5245504f52545f434f4e544558540800a50100135245504f52545f434c4153535f4c4f414445520800a701001a5245504f52545f55524c5f48414e444c45525f464143544f52590800a90100125245504f52545f5649525455414c495a45520800ab01000b534f52545f4649454c44530800ad01000d7265717569736974696f6e69640700af01002c6e65742f73662f6a61737065727265706f7274732f656e67696e652f66696c6c2f4a5246696c6c4669656c640800b101000a706572696f646e616d650800b30100117265717569736974696f6e7374617475730800b501000c666163696c6974796e616d650800b701000b504147455f4e554d4245520700b901002f6e65742f73662f6a61737065727265706f7274732f656e67696e652f66696c6c2f4a5246696c6c5661726961626c650800bb0100134d41535445525f43555252454e545f504147450800bd0100124d41535445525f544f54414c5f50414745530800bf01000d434f4c554d4e5f4e554d4245520800c101000c5245504f52545f434f554e540800c301000a504147455f434f554e540800c501000c434f4c554d4e5f434f554e540100086576616c756174650100152849294c6a6176612f6c616e672f4f626a6563743b01000a457863657074696f6e730700ca0100136a6176612f6c616e672f5468726f7761626c650700cc0100116a6176612f6c616e672f496e74656765720a00cb00ce0c002800cf010004284929560700d101000e6a6176612f7574696c2f446174650a00d0002c0700d40100166a6176612f6c616e672f537472696e674275666665720800d6010004466f72200a00d300d80c002800d9010015284c6a6176612f6c616e672f537472696e673b29560a008200db0c00dc00dd01000867657456616c756501001428294c6a6176612f6c616e672f4f626a6563743b0700df0100106a6176612f6c616e672f537472696e670a00d300e10c00e200e3010006617070656e6401002c284c6a6176612f6c616e672f537472696e673b294c6a6176612f6c616e672f537472696e674275666665723b0800e50100082070726f6772616d0a00d300e70c00e800e9010008746f537472696e6701001428294c6a6176612f6c616e672f537472696e673b0a00ae00db01000b6576616c756174654f6c640a00ae00ed0c00ee00dd01000b6765744f6c6456616c75650100116576616c75617465457374696d6174656401000a536f7572636546696c650021000100030000002000020005000600000002000700060000000200080006000000020009000600000002000a000600000002000b000600000002000c000600000002000d000600000002000e000600000002000f0006000000020010000600000002001100060000000200120006000000020013000600000002001400060000000200150006000000020016000600000002001700060000000200180006000000020019000600000002001a000600000002001b001c00000002001d001c00000002001e001c00000002001f001c0000000200200021000000020022002100000002002300210000000200240021000000020025002100000002002600210000000200270021000000080001002800290001002a0000014100020001000000a52ab7002b2a01b5002d2a01b5002f2a01b500312a01b500332a01b500352a01b500372a01b500392a01b5003b2a01b5003d2a01b5003f2a01b500412a01b500432a01b500452a01b500472a01b500492a01b5004b2a01b5004d2a01b5004f2a01b500512a01b500532a01b500552a01b500572a01b500592a01b5005b2a01b5005d2a01b5005f2a01b500612a01b500632a01b500652a01b500672a01b500692a01b5006bb100000001006d0000008a002200000012000400190009001a000e001b0013001c0018001d001d001e0022001f00270020002c00210031002200360023003b00240040002500450026004a0027004f0028005400290059002a005e002b0063002c0068002d006d002e0072002f00770030007c00310081003200860033008b00340090003500950036009a0037009f003800a400120001006e006f0001002a0000003400020004000000102a2bb700702a2cb700742a2db70077b100000001006d0000001200040000004400050045000a0046000f00470002007200730001002a000001a8000300020000013c2a2b127ab9007c0200c00082b5002d2a2b1284b9007c0200c00082b5002f2a2b1286b9007c0200c00082b500312a2b1288b9007c0200c00082b500332a2b128ab9007c0200c00082b500352a2b128cb9007c0200c00082b500372a2b128eb9007c0200c00082b500392a2b1290b9007c0200c00082b5003b2a2b1292b9007c0200c00082b5003d2a2b1294b9007c0200c00082b5003f2a2b1296b9007c0200c00082b500412a2b1298b9007c0200c00082b500432a2b129ab9007c0200c00082b500452a2b129cb9007c0200c00082b500472a2b129eb9007c0200c00082b500492a2b12a0b9007c0200c00082b5004b2a2b12a2b9007c0200c00082b5004d2a2b12a4b9007c0200c00082b5004f2a2b12a6b9007c0200c00082b500512a2b12a8b9007c0200c00082b500532a2b12aab9007c0200c00082b50055b100000001006d0000005a00160000004f000f0050001e0051002d0052003c0053004b0054005a00550069005600780057008700580096005900a5005a00b4005b00c3005c00d2005d00e1005e00f0005f00ff0060010e0061011d0062012c0063013b00640002007600730001002a00000065000300020000003d2a2b12acb9007c0200c000aeb500572a2b12b0b9007c0200c000aeb500592a2b12b2b9007c0200c000aeb5005b2a2b12b4b9007c0200c000aeb5005db100000001006d0000001600050000006c000f006d001e006e002d006f003c00700002007900730001002a0000009e000300020000006a2a2b12b6b9007c0200c000b8b5005f2a2b12bab9007c0200c000b8b500612a2b12bcb9007c0200c000b8b500632a2b12beb9007c0200c000b8b500652a2b12c0b9007c0200c000b8b500672a2b12c2b9007c0200c000b8b500692a2b12c4b9007c0200c000b8b5006bb100000001006d00000022000800000078000f0079001e007a002d007b003c007c004b007d005a007e0069007f000100c600c7000200c800000004000100c9002a000001af000300030000011b014d1baa00000116000000000000000e0000004900000055000000610000006d0000007900000085000000910000009d000000a9000000b4000000bf000000e1000000ef000000fd0000010bbb00cb5904b700cd4da700c4bb00cb5904b700cd4da700b8bb00cb5904b700cd4da700acbb00cb5903b700cd4da700a0bb00cb5904b700cd4da70094bb00cb5903b700cd4da70088bb00cb5904b700cd4da7007cbb00cb5903b700cd4da70070bb00d059b700d24da70065bb00d059b700d24da7005abb00d35912d5b700d72ab40033b600dac000deb600e012e4b600e0b600e64da700382ab4005db600eac000de4da7002a2ab40059b600eac000de4da7001c2ab40057b600eac000de4da7000e2ab4005bb600eac000de4d2cb000000001006d0000008200200000008700020089004c008d0055008e005800920061009300640097006d00980070009c0079009d007c00a1008500a2008800a6009100a7009400ab009d00ac00a000b000a900b100ac00b500b400b600b700ba00bf00bb00c200bf00e100c000e400c400ef00c500f200c900fd00ca010000ce010b00cf010e00d3011900db000100eb00c7000200c800000004000100c9002a000001af000300030000011b014d1baa00000116000000000000000e0000004900000055000000610000006d0000007900000085000000910000009d000000a9000000b4000000bf000000e1000000ef000000fd0000010bbb00cb5904b700cd4da700c4bb00cb5904b700cd4da700b8bb00cb5904b700cd4da700acbb00cb5903b700cd4da700a0bb00cb5904b700cd4da70094bb00cb5903b700cd4da70088bb00cb5904b700cd4da7007cbb00cb5903b700cd4da70070bb00d059b700d24da70065bb00d059b700d24da7005abb00d35912d5b700d72ab40033b600dac000deb600e012e4b600e0b600e64da700382ab4005db600ecc000de4da7002a2ab40059b600ecc000de4da7001c2ab40057b600ecc000de4da7000e2ab4005bb600ecc000de4d2cb000000001006d000000820020000000e4000200e6004c00ea005500eb005800ef006100f0006400f4006d00f5007000f9007900fa007c00fe008500ff008801030091010400940108009d010900a0010d00a9010e00ac011200b4011300b7011700bf011800c2011c00e1011d00e4012100ef012200f2012600fd01270100012b010b012c010e013001190138000100ef00c7000200c800000004000100c9002a000001af000300030000011b014d1baa00000116000000000000000e0000004900000055000000610000006d0000007900000085000000910000009d000000a9000000b4000000bf000000e1000000ef000000fd0000010bbb00cb5904b700cd4da700c4bb00cb5904b700cd4da700b8bb00cb5904b700cd4da700acbb00cb5903b700cd4da700a0bb00cb5904b700cd4da70094bb00cb5903b700cd4da70088bb00cb5904b700cd4da7007cbb00cb5903b700cd4da70070bb00d059b700d24da70065bb00d059b700d24da7005abb00d35912d5b700d72ab40033b600dac000deb600e012e4b600e0b600e64da700382ab4005db600eac000de4da7002a2ab40059b600eac000de4da7001c2ab40057b600eac000de4da7000e2ab4005bb600eac000de4d2cb000000001006d0000008200200000014100020143004c0147005501480058014c0061014d00640151006d01520070015600790157007c015b0085015c008801600091016100940165009d016600a0016a00a9016b00ac016f00b4017000b7017400bf017500c2017900e1017a00e4017e00ef017f00f2018300fd018401000188010b0189010e018d01190195000100f00000000200027400155f313438363739363530333630375f3932333737377400326e65742e73662e6a61737065727265706f7274732e656e67696e652e64657369676e2e4a524a61766163436f6d70696c6572","description":"A sample report to view requisitions by program.","name":"Sample Requisition Report","type":"Consistency Report"}]'));
INSERT INTO requisition.template_parameters (SELECT * FROM json_populate_recordset(NULL::requisition.template_parameters, '[{"id":"5a3ae444-681e-4c6f-8728-94776ba55935","name":"Program","datatype":"java.lang.String","displayname":"Program Name","selectsql":"SELECT p.name FROM referencedata.programs p ORDER BY p.name","templateid":"4a052c83-4607-4a32-9e78-1f18c94d88e4"}]'));
INSERT INTO requisition.configuration_settings (SELECT * FROM json_populate_recordset(NULL::requisition.configuration_settings, '[{"key":"requisition.email.noreply","value":"noreply@openlmis.org"},{"key":"requisition.email.convertToOrder.subject","value":"Requisition converted to order"},{"key":"requisition.email.convertToOrder.content","value":"Dear {0} {1},\n\nThe Requisition for Program {2} and Period {3} has been converted to order."},{"key":"requisition.email.statusUpdate.subject","value":"Requisition Status Update"},{"key":"requisition.email.statusUpdate.content","value":"Dear ${initiator}:\nThis email is informing you that the ${requisitionType} requisition submitted on ${submittedDate} for the Period ${periodName} and ${programName} at ${facilityName} has been ${requisitionStatus} by ${author} on ${changeDate}.\nPlease login to see the requisition.\n${requisitionUrl}\nThank you."},{"key":"requisition.email.actionRequired.subject","value":"Action Required"},{"key":"requisition.email.actionRequired.content","value":"Dear ${approver}:\nThis email is informing you that the ${requisitionType} requisition submitted on ${submittedDate} for the Period ${periodName} and ${programName} at ${facilityName} is ready for review. Please login to review the requisition.\n${requisitionUrl}\nThank you."},{"key":"requisition.time.zoneId","value":"UTC"},{"key":"requisition.requisitionUri","value":"/#!/requisition/{0}/fullSupply"}]'));
INSERT INTO requisition.status_messages (SELECT * FROM json_populate_recordset(NULL::requisition.status_messages, '[{"id":"86c9bc14-866b-4f94-8e74-3c0cc379fa81","body":"Body of a status message.","status":"AUTHORIZED","requisitionid":"21d138bc-f2c2-4188-adf3-a3aae381abde","authorid":"a337ec45-31a0-4f2b-9b2e-a105c4b669bb","createddate":"2016-10-20T17:17:17"},{"id":"b9a1583d-f2eb-438d-b645-1ff97481a703","body":"THis should be good.","status":"SUBMITTED","requisitionid":"21d138bc-f2c2-4188-adf3-a3aae381abde","authorid":"a337ec45-31a0-4f2b-9b2e-a105c4b669bb","createddate":"2016-09-20T17:17:17"}]'));
INSERT INTO requisition.previous_adjusted_consumptions (SELECT * FROM json_populate_recordset(NULL::requisition.previous_adjusted_consumptions, '[{"requisitionlineitemid":"f27415c4-7049-46a6-9e59-818990c85390","previousadjustedconsumption":10},{"requisitionlineitemid":"05119a44-5f7a-4ad3-b49f-739661304c59","previousadjustedconsumption":1200},{"requisitionlineitemid":"8e724d8f-d714-409b-baa9-fe732d7175a7","previousadjustedconsumption":16},{"requisitionlineitemid":"46c607b1-a8da-40de-93d6-9dcae3a34068","previousadjustedconsumption":100},{"requisitionlineitemid":"8c8026b8-0ae8-4adb-b2ca-bfb0dfb030a5","previousadjustedconsumption":50},{"requisitionlineitemid":"552eb0f7-fc57-4916-bb54-0c3c9540420a","previousadjustedconsumption":200},{"requisitionlineitemid":"bcbd9a7c-6068-40d9-90ab-cb090fd6ed8c","previousadjustedconsumption":10},{"requisitionlineitemid":"502eb011-27bc-4f7f-bb1f-6425ae66a5d5","previousadjustedconsumption":500},{"requisitionlineitemid":"5b449a32-aedf-4a8b-a9d7-c3b665ad76e2","previousadjustedconsumption":50},{"requisitionlineitemid":"89e46600-aa5a-4cc9-8bfd-67be8e907778","previousadjustedconsumption":200}]'));
